chr	start	end	name	strand	spacer	target_chr	target_start	target_end	target_name	target_strand	target_type
chr1	116408134	116408157	SNP-5-1	-	CTCATAATCTATCCGGGAACNGG	chr1	116408093	116408686	chr1:116408093-116408686	.	enh
chr1	117612315	117612338	SNP-8-1	+	ATGGTGTTGGATTCCTAGCCNGG	chr1	117612308	117614859	chr1:117612308-117614859	.	enh
chr1	117613314	117613337	SNP-9-1	-	TTGAAAGGTATACTCTGACGNGG	chr1	117612308	117614859	chr1:117612308-117614859	.	enh
chr1	117613489	117613512	SNP-9-2	+	CTGTTTGGAGTTGTCGTTGGNGG	chr1	117612308	117614859	chr1:117612308-117614859	.	enh
chr1	117613358	117613381	SNP-9-3	-	ACTGGCCTAGATATTACAGCNGG	chr1	117612308	117614859	chr1:117612308-117614859	.	enh
chr1	117708589	117708612	SNP-10-1	-	GGCGTGATCCCTAGTTGTCCNGG	chr1	117707662	117709402	chr1:117707662-117709402	.	enh
chr1	117708446	117708469	SNP-10-2	+	AGTAAGCAAATGGCTCCCCGNGG	chr1	117707662	117709402	chr1:117707662-117709402	.	enh
chr1	117708461	117708484	SNP-10-3	-	TATCAAAAGCATGCTCCACGNGG	chr1	117707662	117709402	chr1:117707662-117709402	.	enh
chr1	11983593	11983616	SNP-14-1	-	AGACCTTGCCACAGGCACGTNGG	chr1	11983342	11983842	chr1:11983342-11983842	.	enh
chr1	11983592	11983615	SNP-14-2	-	GACCTTGCCACAGGCACGTGNGG	chr1	11983342	11983842	chr1:11983342-11983842	.	enh
chr1	11983564	11983587	SNP-14-3	+	GGCTCTCAGGCTATGCTTGCNGG	chr1	11983342	11983842	chr1:11983342-11983842	.	enh
chr1	119920550	119920573	SNP-15-1	+	TTCCCACTGCTCTCGTGATGNGG	chr1	119920111	119920792	chr1:119920111-119920792	.	enh
chr1	119920475	119920498	SNP-15-2	-	CAATGGGAGATAAGCAGCGGNGG	chr1	119920111	119920792	chr1:119920111-119920792	.	enh
chr1	119920552	119920575	SNP-15-3	-	AGCCACATCACGAGAGCAGTNGG	chr1	119920111	119920792	chr1:119920111-119920792	.	enh
chr1	12039254	12039277	SNP-16-1	-	CTGATCACATCACGATCCTGNGG	chr1	12038207	12039433	chr1:12038207-12039433	.	enh
chr1	12039253	12039276	SNP-16-2	-	TGATCACATCACGATCCTGTNGG	chr1	12038207	12039433	chr1:12038207-12039433	.	enh
chr1	12039259	12039282	SNP-16-3	+	GGATCGTGATGTGATCAGTTNGG	chr1	12038207	12039433	chr1:12038207-12039433	.	enh
chr1	147599640	147599663	SNP-18-1	+	CTAGAGCTCTGCCGCTTTAANGG	chr1	147599040	147601140	chr1:147599040-147601140	.	enh
chr1	147599639	147599662	SNP-18-2	+	ACTAGAGCTCTGCCGCTTTANGG	chr1	147599040	147601140	chr1:147599040-147601140	.	enh
chr1	147599641	147599664	SNP-18-3	+	TAGAGCTCTGCCGCTTTAAGNGG	chr1	147599040	147601140	chr1:147599040-147601140	.	enh
chr1	150611510	150611533	SNP-20-1	-	GGTGAGTAGCAATTCTTGCTNGG	chr1	150611421	150612142	chr1:150611421-150612142	.	enh
chr1	150611642	150611665	SNP-20-2	+	GCACTGGTGAGGACAAGTGTNGG	chr1	150611421	150612142	chr1:150611421-150612142	.	enh
chr1	150611684	150611707	SNP-20-3	-	GCAATTTCCCCTTGACTCAGNGG	chr1	150611421	150612142	chr1:150611421-150612142	.	enh
chr1	159922192	159922215	SNP-22-1	+	TCAACACCTCTCGGCCGCAGNGG	chr1	159921814	159922623	chr1:159921814-159922623	.	enh
chr1	159922330	159922353	SNP-22-2	-	GGGGCGGGTTGCTCTTAATGNGG	chr1	159921814	159922623	chr1:159921814-159922623	.	enh
chr1	159922198	159922221	SNP-22-3	-	ACACAGCCTCTGCGGCCGAGNGG	chr1	159921814	159922623	chr1:159921814-159922623	.	enh
chr1	171227040	171227063	SNP-23-1	+	TACTCAAAGGGTATGCTGTANGG	chr1	171226700	171227200	chr1:171226700-171227200	.	enh
chr1	171227041	171227064	SNP-23-2	+	ACTCAAAGGGTATGCTGTAANGG	chr1	171226700	171227200	chr1:171226700-171227200	.	enh
chr1	171226925	171226948	SNP-23-3	-	TAGCCCCTGAGGGCCTACATNGG	chr1	171226700	171227200	chr1:171226700-171227200	.	enh
chr1	172699158	172699181	SNP-24-1	+	TAGGAGGTTTGGTCCAGATGNGG	chr1	172699145	172699645	chr1:172699145-172699645	.	enh
chr1	172699252	172699275	SNP-24-2	+	GAGTTAAAGCTGTACCTGGGNGG	chr1	172699145	172699645	chr1:172699145-172699645	.	enh
chr1	172699248	172699271	SNP-24-3	+	GGAAGAGTTAAAGCTGTACCNGG	chr1	172699145	172699645	chr1:172699145-172699645	.	enh
chr1	174849358	174849381	SNP-25-1	-	AAATTCGTCATATGGCCCCTNGG	chr1	174848988	174849800	chr1:174848988-174849800	.	enh
chr1	174849357	174849380	SNP-25-2	-	AATTCGTCATATGGCCCCTTNGG	chr1	174848988	174849800	chr1:174848988-174849800	.	enh
chr1	174849518	174849541	SNP-25-3	+	GCAATCCTGAAAAGTCAGGGNGG	chr1	174848988	174849800	chr1:174848988-174849800	.	enh
chr1	203312024	203312047	SNP-26-1	+	GCCCATCCTGGATCCTGATANGG	chr1	203311436	203312526	chr1:203311436-203312526	.	enh
chr1	203311912	203311935	SNP-26-2	-	GGCTGGCACTGCTTACCAAGNGG	chr1	203311436	203312526	chr1:203311436-203312526	.	enh
chr1	203312124	203312147	SNP-26-3	-	CCTTACCAAAGGCTCCTTACNGG	chr1	203311436	203312526	chr1:203311436-203312526	.	enh
chr1	206661368	206661391	SNP-30-1	+	ATCTTAGCGAGCAATAGCGGNGG	chr1	206661119	206661619	chr1:206661119-206661619	.	enh
chr1	206661550	206661573	SNP-30-2	-	ACGTGGCTTCCGATTAAGTTNGG	chr1	206661119	206661619	chr1:206661119-206661619	.	enh
chr1	206661554	206661577	SNP-30-3	+	ACTTAATCGGAAGCCACGTCNGG	chr1	206661119	206661619	chr1:206661119-206661619	.	enh
chr1	206673136	206673159	SNP-31-1	-	AGTTGTTAAAGCTTGTGGCANGG	chr1	206671959	206673955	chr1:206671959-206673955	.	enh
chr1	206673353	206673376	SNP-31-2	+	CGGCTGTCAGAAGATGTTAANGG	chr1	206671959	206673955	chr1:206671959-206673955	.	enh
chr1	206673335	206673358	SNP-31-3	-	AGCCGTGAGAAGCTCTCTCTNGG	chr1	206671959	206673955	chr1:206671959-206673955	.	enh
chr1	207863998	207864021	SNP-34-1	-	TCTCGTTACACTTGATAGGGNGG	chr1	207863826	207864326	chr1:207863826-207864326	.	enh
chr1	207864002	207864025	SNP-34-2	-	TGATTCTCGTTACACTTGATNGG	chr1	207863826	207864326	chr1:207863826-207864326	.	enh
chr1	207863995	207864018	SNP-34-3	-	CGTTACACTTGATAGGGAGGNGG	chr1	207863826	207864326	chr1:207863826-207864326	.	enh
chr1	211630362	211630385	SNP-35-1	+	GCTACAGTATCGCCACTGTANGG	chr1	211630123	211631618	chr1:211630123-211631618	.	enh
chr1	211630327	211630350	SNP-35-2	+	CTCTCATGAGTTACCGCCTCNGG	chr1	211630123	211631618	chr1:211630123-211631618	.	enh
chr1	211630340	211630363	SNP-35-3	-	CCTTGTTATCCTTCCGGAGGNGG	chr1	211630123	211631618	chr1:211630123-211631618	.	enh
chr1	230161765	230161788	SNP-40-1	+	GAGACTATACATGAAGTCTCNGG	chr1	230160923	230161922	chr1:230160923-230161922	.	enh
chr1	230161766	230161789	SNP-40-2	+	AGACTATACATGAAGTCTCTNGG	chr1	230160923	230161922	chr1:230160923-230161922	.	enh
chr1	230161881	230161904	SNP-40-3	-	ATGACCAAGTAAAGATGCTGNGG	chr1	230160923	230161922	chr1:230160923-230161922	.	enh
chr1	26321562	26321585	SNP-45-1	+	GTGGGACTGTGCGTTCCCTANGG	chr1	26321184	26321972	chr1:26321184-26321972	.	enh
chr1	26321333	26321356	SNP-45-2	-	AGTCCAGGGTGAAAACGTGGNGG	chr1	26321184	26321972	chr1:26321184-26321972	.	enh
chr1	26321348	26321371	SNP-45-3	-	CTAGGGATGCATACAAGTCCNGG	chr1	26321184	26321972	chr1:26321184-26321972	.	enh
chr1	30769155	30769178	SNP-46-1	+	GGTGTGCACATCCCGGCAGCNGG	chr1	30768019	30769461	chr1:30768019-30769461	.	enh
chr1	30768917	30768940	SNP-46-2	-	CCAGTTTGCCACTTAGGATCNGG	chr1	30768019	30769461	chr1:30768019-30769461	.	enh
chr1	30769148	30769171	SNP-46-3	+	AGGGGCGGGTGTGCACATCCNGG	chr1	30768019	30769461	chr1:30768019-30769461	.	enh
chr1	3774903	3774926	SNP-47-1	+	AGAAGGCGCCTTATCGGGCANGG	chr1	3774474	3775865	chr1:3774474-3775865	.	enh
chr1	3774901	3774924	SNP-47-2	-	CTGCCCGATAAGGCGCCTTCNGG	chr1	3774474	3775865	chr1:3774474-3775865	.	enh
chr1	3774902	3774925	SNP-47-3	+	CAGAAGGCGCCTTATCGGGCNGG	chr1	3774474	3775865	chr1:3774474-3775865	.	enh
chr1	36463302	36463325	SNP-49-1	+	TTAATTGAGCACAGCGTTAANGG	chr1	36463239	36464966	chr1:36463239-36464966	.	enh
chr1	36463301	36463324	SNP-49-2	+	TTTAATTGAGCACAGCGTTANGG	chr1	36463239	36464966	chr1:36463239-36464966	.	enh
chr1	36463350	36463373	SNP-49-3	-	ATCCATTTGCAAGGATTGTTNGG	chr1	36463239	36464966	chr1:36463239-36464966	.	enh
chr1	42961510	42961533	SNP-51-1	-	TTAACCCTCTACGCTTGACTNGG	chr1	42961173	42961673	chr1:42961173-42961673	.	enh
chr1	42961505	42961528	SNP-51-2	+	CAATACCAAGTCAAGCGTAGNGG	chr1	42961173	42961673	chr1:42961173-42961673	.	enh
chr1	42961506	42961529	SNP-51-3	+	AATACCAAGTCAAGCGTAGANGG	chr1	42961173	42961673	chr1:42961173-42961673	.	enh
chr1	47213562	47213585	SNP-52-1	-	CAGTTGCCTGGTTATCATACNGG	chr1	47212760	47213803	chr1:47212760-47213803	.	enh
chr1	47213556	47213579	SNP-52-2	+	CCAGCTCCAGTATGATAACCNGG	chr1	47212760	47213803	chr1:47212760-47213803	.	enh
chr1	47213669	47213692	SNP-52-3	-	GCCATGGTCCTGAGCTAGTCNGG	chr1	47212760	47213803	chr1:47212760-47213803	.	enh
chr1	51876807	51876830	SNP-56-1	+	TTCTTGCGCTAACGCTGTAGNGG	chr1	51876506	51877006	chr1:51876506-51877006	.	enh
chr1	51876805	51876828	SNP-56-2	+	GTTTCTTGCGCTAACGCTGTNGG	chr1	51876506	51877006	chr1:51876506-51877006	.	enh
chr1	51876806	51876829	SNP-56-3	+	TTTCTTGCGCTAACGCTGTANGG	chr1	51876506	51877006	chr1:51876506-51877006	.	enh
chr1	67686872	67686895	SNP-57-1	+	CCGTGACTAATTCCTTTAGCNGG	chr1	67685838	67687075	chr1:67685838-67687075	.	enh
chr1	67686868	67686891	SNP-57-2	-	CTAAAGGAATTAGTCACGGGNGG	chr1	67685838	67687075	chr1:67685838-67687075	.	enh
chr1	67686871	67686894	SNP-57-3	-	CTGCTAAAGGAATTAGTCACNGG	chr1	67685838	67687075	chr1:67685838-67687075	.	enh
chr1	67701146	67701169	SNP-58-1	-	GAGAGAAGAACAGTATGCGTNGG	chr1	67700116	67701585	chr1:67700116-67701585	.	enh
chr1	67701139	67701162	SNP-58-2	-	GAACAGTATGCGTTGGAATGNGG	chr1	67700116	67701585	chr1:67700116-67701585	.	enh
chr1	67701133	67701156	SNP-58-3	-	TATGCGTTGGAATGAGGTCCNGG	chr1	67700116	67701585	chr1:67700116-67701585	.	enh
chr1	92460106	92460129	SNP-59-1	+	AGCAACACTCGTGGAGAATTNGG	chr1	92459618	92460498	chr1:92459618-92460498	.	enh
chr1	92460102	92460125	SNP-59-2	-	ATTCTCCACGAGTGTTGCTCNGG	chr1	92459618	92460498	chr1:92459618-92460498	.	enh
chr1	92460153	92460176	SNP-59-3	+	AGTCTAGAAAACCGTTAAGANGG	chr1	92459618	92460498	chr1:92459618-92460498	.	enh
chr10	104347041	104347064	SNP-63-1	-	GTTAGGCTAGATCATTCAGTNGG	chr10	104346932	104347721	chr10:104346932-104347721	.	enh
chr10	104347126	104347149	SNP-63-2	+	TCAAGGCAGGTAAGACGACTNGG	chr10	104346932	104347721	chr10:104346932-104347721	.	enh
chr10	104346983	104347006	SNP-63-3	-	TGTCCTACTCAGGACTGGTANGG	chr10	104346932	104347721	chr10:104346932-104347721	.	enh
chr10	119250677	119250700	SNP-64-1	-	GTCATCAAGGTGCTGACTTANGG	chr10	119250481	119252370	chr10:119250481-119252370	.	enh
chr10	119250716	119250739	SNP-64-2	+	ACAAAATTGGAAGTGAACGTNGG	chr10	119250481	119252370	chr10:119250481-119252370	.	enh
chr10	119250690	119250713	SNP-64-3	-	TAGCTCTGATCCAGTCATCANGG	chr10	119250481	119252370	chr10:119250481-119252370	.	enh
chr10	24909619	24909642	SNP-67-1	-	GTCTTTAACTATTCGAACAANGG	chr10	24908708	24909630	chr10:24908708-24909630	.	enh
chr10	24909620	24909643	SNP-67-3	-	TGTCTTTAACTATTCGAACANGG	chr10	24908708	24909630	chr10:24908708-24909630	.	enh
chr10	24929383	24929406	SNP-68-1	-	GCCGAGAGATTTGCCACACANGG	chr10	24928878	24929635	chr10:24928878-24929635	.	enh
chr10	24929393	24929416	SNP-68-2	+	CAAATCTCTCGGCCCTACTGNGG	chr10	24928878	24929635	chr10:24928878-24929635	.	enh
chr10	24929405	24929428	SNP-68-3	-	CTCACAGTGTAACCACAGTANGG	chr10	24928878	24929635	chr10:24928878-24929635	.	enh
chr10	63267823	63267846	SNP-73-1	-	GTAGGCCCTACTAGAAATGCNGG	chr10	63267334	63268578	chr10:63267334-63268578	.	enh
chr10	63267834	63267857	SNP-73-2	+	AGTAGGGCCTACCAAACTATNGG	chr10	63267334	63268578	chr10:63267334-63268578	.	enh
chr10	63267910	63267933	SNP-73-3	-	TCGCGTCTTCCTCATGTGAANGG	chr10	63267334	63268578	chr10:63267334-63268578	.	enh
chr10	69334598	69334621	SNP-75-1	+	CTCCCTAGGCTAGTCATTACNGG	chr10	69334099	69335586	chr10:69334099-69335586	.	enh
chr10	69334837	69334860	SNP-75-2	+	TAGTGAACACCTAAGGCCGANGG	chr10	69334099	69335586	chr10:69334099-69335586	.	enh
chr10	69334816	69334839	SNP-75-3	-	TATGTAGGAGTCGATCTGCCNGG	chr10	69334099	69335586	chr10:69334099-69335586	.	enh
chr10	79404271	79404294	SNP-77-1	-	TGAGATTACTTCAAATCGCCNGG	chr10	79404149	79404649	chr10:79404149-79404649	.	enh
chr10	79404387	79404410	SNP-77-2	+	AACCACACGGATCAGAGCGGNGG	chr10	79404149	79404649	chr10:79404149-79404649	.	enh
chr10	79404388	79404411	SNP-77-3	+	ACCACACGGATCAGAGCGGANGG	chr10	79404149	79404649	chr10:79404149-79404649	.	enh
chr10	93072278	93072301	SNP-78-1	+	GTTTGGGGACTACCGCGAGANGG	chr10	93070877	93072597	chr10:93070877-93072597	.	enh
chr10	93072279	93072302	SNP-78-2	+	TTTGGGGACTACCGCGAGAANGG	chr10	93070877	93072597	chr10:93070877-93072597	.	enh
chr10	93072458	93072481	SNP-78-3	-	AGTCAGGGTCACACGCTACCNGG	chr10	93070877	93072597	chr10:93070877-93072597	.	enh
chr11	114082987	114083010	SNP-82-1	-	TGCCCCTCGTTACACAACGTNGG	chr11	114082355	114083177	chr11:114082355-114083177	.	enh
chr11	114082986	114083009	SNP-82-2	-	GCCCCTCGTTACACAACGTTNGG	chr11	114082355	114083177	chr11:114082355-114083177	.	enh
chr11	114082984	114083007	SNP-82-3	+	GCCCCAACGTTGTGTAACGANGG	chr11	114082355	114083177	chr11:114082355-114083177	.	enh
chr11	12114768	12114791	SNP-87-1	-	TTACAGACCGACGCGTGCTGNGG	chr11	12114431	12115136	chr11:12114431-12115136	.	enh
chr11	12114761	12114784	SNP-87-2	+	GACGTTTCCTCAGCACGCGTNGG	chr11	12114431	12115136	chr11:12114431-12115136	.	enh
chr11	12114685	12114708	SNP-87-3	-	TAGTCACACAAATCCGTGACNGG	chr11	12114431	12115136	chr11:12114431-12115136	.	enh
chr11	2299314	2299337	SNP-89-1	+	CCACTCGCTGTGACGCAGGTNGG	chr11	2299228	2299728	chr11:2299228-2299728	.	enh
chr11	2299310	2299333	SNP-89-2	+	GGCCCCACTCGCTGTGACGCNGG	chr11	2299228	2299728	chr11:2299228-2299728	.	enh
chr11	2299314	2299337	SNP-89-3	-	CCCACCTGCGTCACAGCGAGNGG	chr11	2299228	2299728	chr11:2299228-2299728	.	enh
chr11	2303194	2303217	SNP-90-2	+	AGTGTGGGTATATGTCGGGCNGG	chr11	2303203	2304116	chr11:2303203-2304116	.	enh
chr11	95153576	95153599	SNP-102-1	+	TATCTGGCAACAACACAGCGNGG	chr11	95152782	95153802	chr11:95152782-95153802	.	enh
chr11	95153527	95153550	SNP-102-2	+	TGTTTGAGCACATCTGCGGCNGG	chr11	95152782	95153802	chr11:95152782-95153802	.	enh
chr11	95153525	95153548	SNP-102-3	-	TGCCGCAGATGTGCTCAAACNGG	chr11	95152782	95153802	chr11:95152782-95153802	.	enh
chr12	111792283	111792306	SNP-103-1	+	TCAGGATAAGACGCCAGCGCNGG	chr12	111792123	111792623	chr12:111792123-111792623	.	enh
chr12	111792252	111792275	SNP-103-2	-	GGACAGCAACCAACGCCATTNGG	chr12	111792123	111792623	chr12:111792123-111792623	.	enh
chr12	111792273	111792296	SNP-103-3	-	CGTCTTATCCTGAGGCCCGANGG	chr12	111792123	111792623	chr12:111792123-111792623	.	enh
chr12	117042401	117042424	SNP-105-1	-	GGCCAGACCTAGGCGGGTACNGG	chr12	117041977	117043551	chr12:117041977-117043551	.	enh
chr12	117042540	117042563	SNP-105-2	+	GTGAGTCACCGTGATAACTCNGG	chr12	117041977	117043551	chr12:117041977-117043551	.	enh
chr12	117042399	117042422	SNP-105-3	+	CTCCTGTACCCGCCTAGGTCNGG	chr12	117041977	117043551	chr12:117041977-117043551	.	enh
chr12	117046331	117046354	SNP-106-1	-	GAAGCAGAGTTCGAGATCTCNGG	chr12	117045852	117046352	chr12:117045852-117046352	.	enh
chr12	117046127	117046150	SNP-106-2	-	GTCAGCAGGGAGCCCTATTGNGG	chr12	117045852	117046352	chr12:117045852-117046352	.	enh
chr12	117046128	117046151	SNP-106-3	-	GGTCAGCAGGGAGCCCTATTNGG	chr12	117045852	117046352	chr12:117045852-117046352	.	enh
chr12	120719779	120719802	SNP-108-1	-	ACTCTGCCAGAATAACGATGNGG	chr12	120719783	120720283	chr12:120719783-120720283	.	enh
chr12	120719796	120719819	SNP-108-2	+	CAGAGTATACTCTGAAGCGCNGG	chr12	120719783	120720283	chr12:120719783-120720283	.	enh
chr12	120719773	120719796	SNP-108-3	+	TTCTGACCTCATCGTTATTCNGG	chr12	120719783	120720283	chr12:120719783-120720283	.	enh
chr12	121801180	121801203	SNP-109-1	+	GCGGAATCCTCACGATCGAANGG	chr12	121799217	121801294	chr12:121799217-121801294	.	enh
chr12	121801187	121801210	SNP-109-2	-	CCACTTTCCTTTCGATCGTGNGG	chr12	121799217	121801294	chr12:121799217-121801294	.	enh
chr12	121801167	121801190	SNP-109-3	-	AGGATTCCGCACCCCGAAGCNGG	chr12	121799217	121801294	chr12:121799217-121801294	.	enh
chr12	121811196	121811219	SNP-111-1	+	TGGTCCCCTTGTCTGTTGCGNGG	chr12	121811213	121811799	chr12:121811213-121811799	.	enh
chr12	121811201	121811224	SNP-111-2	+	CCCTTGTCTGTTGCGTGGCTNGG	chr12	121811213	121811799	chr12:121811213-121811799	.	enh
chr12	121811309	121811332	SNP-111-3	-	CTCTAGGAGACAATGCTCCGNGG	chr12	121811213	121811799	chr12:121811213-121811799	.	enh
chr12	121812443	121812466	SNP-112-1	+	GCTTAAGTGAGGTGCCGCACNGG	chr12	121811825	121813015	chr12:121811825-121813015	.	enh
chr12	121812617	121812640	SNP-112-2	-	GGCACACAGAGGGTTAACCCNGG	chr12	121811825	121813015	chr12:121811825-121813015	.	enh
chr12	121812521	121812544	SNP-112-3	+	GCTTCTCACCCCGAGACTGCNGG	chr12	121811825	121813015	chr12:121811825-121813015	.	enh
chr12	47808216	47808239	SNP-116-1	+	CAGCCGCAGGATGTCCGGTTNGG	chr12	47807959	47808581	chr12:47807959-47808581	.	enh
chr12	47808256	47808279	SNP-116-2	-	TGTTTACAACAGCCGCATGTNGG	chr12	47807959	47808581	chr12:47807959-47808581	.	enh
chr12	47808219	47808242	SNP-116-3	-	ACTCCAAACCGGACATCCTGNGG	chr12	47807959	47808581	chr12:47807959-47808581	.	enh
chr12	53366266	53366289	SNP-119-1	-	GTAACAGTACAAATCCCCACNGG	chr12	53365806	53366979	chr12:53365806-53366979	.	enh
chr12	53366234	53366257	SNP-119-2	-	CCTTTCACATCACAAGCCTCNGG	chr12	53365806	53366979	chr12:53365806-53366979	.	enh
chr12	53366227	53366250	SNP-119-3	-	CATCACAAGCCTCAGGCCCANGG	chr12	53365806	53366979	chr12:53365806-53366979	.	enh
chr12	54292159	54292182	SNP-120-1	+	AGACCTGAGGAGCCGAGTCANGG	chr12	54292179	54292833	chr12:54292179-54292833	.	enh
chr12	54292158	54292181	SNP-120-2	+	AAGACCTGAGGAGCCGAGTCNGG	chr12	54292179	54292833	chr12:54292179-54292833	.	enh
chr12	54304617	54304640	SNP-121-1	-	CAAGCATCGGGGTAACCGCCNGG	chr12	54304142	54304642	chr12:54304142-54304642	.	enh
chr12	54304618	54304641	SNP-121-2	+	CGGGCGGTTACCCCGATGCTNGG	chr12	54304142	54304642	chr12:54304142-54304642	.	enh
chr12	54304620	54304643	SNP-121-3	+	GGCGGTTACCCCGATGCTTGNGG	chr12	54304142	54304642	chr12:54304142-54304642	.	enh
chr12	7122968	7122991	SNP-127-1	-	ACCCATCTTCCTGCAACGGCNGG	chr12	7122957	7123457	chr12:7122957-7123457	.	enh
chr12	7124140	7124163	SNP-128-2	-	AAGGGATGCAGTGTGCGAGCNGG	chr12	7123650	7124150	chr12:7123650-7124150	.	enh
chr12	7124111	7124134	SNP-128-3	-	GGAAGGTCAGATAGCCGGAGNGG	chr12	7123650	7124150	chr12:7123650-7124150	.	enh
chr13	112700565	112700588	SNP-132-1	+	TGACCTTGTTCTCCCCGGCGNGG	chr13	112700527	112701797	chr13:112700527-112701797	.	enh
chr13	112700577	112700600	SNP-132-2	-	ACAGGGTGCAGACCACGCCGNGG	chr13	112700527	112701797	chr13:112700527-112701797	.	enh
chr13	112700602	112700625	SNP-132-3	+	AGGGTGAGTGAACGCCCTCCNGG	chr13	112700527	112701797	chr13:112700527-112701797	.	enh
chr13	27426410	27426433	SNP-137-1	-	ATACTACCAAGGCGTCCAGGNGG	chr13	27425768	27426578	chr13:27425768-27426578	.	enh
chr13	27426413	27426436	SNP-137-2	-	AGCATACTACCAAGGCGTCCNGG	chr13	27425768	27426578	chr13:27425768-27426578	.	enh
chr13	27426409	27426432	SNP-137-3	-	TACTACCAAGGCGTCCAGGANGG	chr13	27425768	27426578	chr13:27425768-27426578	.	enh
chr13	41005754	41005777	SNP-139-1	+	CTTCCAGTTAATTATAACTANGG	chr13	41004749	41005797	chr13:41004749-41005797	.	enh
chr13	41005582	41005605	SNP-139-2	-	GGGGATATAAATTGTAGTACNGG	chr13	41004749	41005797	chr13:41004749-41005797	.	enh
chr13	41005713	41005736	SNP-139-3	-	AAGCAGGCAGGATTCACCTANGG	chr13	41004749	41005797	chr13:41004749-41005797	.	enh
chr13	41007489	41007512	SNP-140-1	+	ACAAACATCCCTTAGCCTACNGG	chr13	41006898	41008218	chr13:41006898-41008218	.	enh
chr13	41007498	41007521	SNP-140-2	-	CTGGCTTCTCCAGTAGGCTANGG	chr13	41006898	41008218	chr13:41006898-41008218	.	enh
chr13	41007383	41007406	SNP-140-3	+	ACTGGAGGAACTTCATTTGANGG	chr13	41006898	41008218	chr13:41006898-41008218	.	enh
chr13	95247316	95247339	SNP-142-1	-	GGCTTCAATCCAGTAAAGCTNGG	chr13	95247118	95247618	chr13:95247118-95247618	.	enh
chr13	95247438	95247461	SNP-142-2	-	CCTGTGCCTCCGTAGAGGTCNGG	chr13	95247118	95247618	chr13:95247118-95247618	.	enh
chr13	95247432	95247455	SNP-142-3	+	GGCTCCCCTGACCTCTACGGNGG	chr13	95247118	95247618	chr13:95247118-95247618	.	enh
chr14	102552281	102552304	SNP-143-1	+	AGCCACACCTCTCTTCCGGCNGG	chr14	102551749	102552488	chr14:102551749-102552488	.	enh
chr14	102552398	102552421	SNP-143-2	-	AGGGACCCAGACACCCGCTANGG	chr14	102551749	102552488	chr14:102551749-102552488	.	enh
chr14	102552399	102552422	SNP-143-3	-	AAGGGACCCAGACACCCGCTNGG	chr14	102551749	102552488	chr14:102551749-102552488	.	enh
chr14	103098600	103098623	SNP-145-1	+	CTCCGTCCTCTTGACAGCGGNGG	chr14	103098056	103100379	chr14:103098056-103100379	.	enh
chr14	103098599	103098622	SNP-145-2	-	CACCGCTGTCAAGAGGACGGNGG	chr14	103098056	103100379	chr14:103098056-103100379	.	enh
chr14	103098549	103098572	SNP-145-3	+	TTCTCCCAAACAAGAAGGCGNGG	chr14	103098056	103100379	chr14:103098056-103100379	.	enh
chr14	68719898	68719921	SNP-154-1	+	CTAATCTTACATTAGCAGCTNGG	chr14	68719655	68720248	chr14:68719655-68720248	.	enh
chr14	68720043	68720066	SNP-154-2	-	AGTTAAAGAGCACGAAAATCNGG	chr14	68719655	68720248	chr14:68719655-68720248	.	enh
chr14	68719995	68720018	SNP-154-3	+	AGTCACTAACTTCCTACCCANGG	chr14	68719655	68720248	chr14:68719655-68720248	.	enh
chr14	75515542	75515565	SNP-163-1	-	GCTCTGACACAGCGATTTGANGG	chr14	75515261	75515761	chr14:75515261-75515761	.	enh
chr14	75515577	75515600	SNP-163-2	+	TTTAAAAGACGCCCACGCTCNGG	chr14	75515261	75515761	chr14:75515261-75515761	.	enh
chr14	75515510	75515533	SNP-163-3	+	CCTACTGGAGAAATCGCTGCNGG	chr14	75515261	75515761	chr14:75515261-75515761	.	enh
chr14	95536717	95536740	SNP-164-1	+	GGCTTCGTATTAGCACTTGANGG	chr14	95536577	95537213	chr14:95536577-95537213	.	enh
chr14	95536936	95536959	SNP-164-2	-	TGGTGGCATACTAGTTGACANGG	chr14	95536577	95537213	chr14:95536577-95537213	.	enh
chr14	95536944	95536967	SNP-164-3	+	ACTAGTATGCCACCAGTTACNGG	chr14	95536577	95537213	chr14:95536577-95537213	.	enh
chr15	70086760	70086783	SNP-171-1	-	AAACTCGGCTTGCCATGCCTNGG	chr15	70086611	70087111	chr15:70086611-70087111	.	enh
chr15	70086991	70087014	SNP-171-2	+	ACACAACGTTTGCAGCCTACNGG	chr15	70086611	70087111	chr15:70086611-70087111	.	enh
chr15	70086838	70086861	SNP-171-3	-	GGTGCGAAGAGATAACTGGGNGG	chr15	70086611	70087111	chr15:70086611-70087111	.	enh
chr15	78244559	78244582	SNP-175-1	-	CCAGGCAAGAGTGGTCTATTNGG	chr15	78244070	78244570	chr15:78244070-78244570	.	enh
chr15	78244560	78244583	SNP-175-2	-	ACCAGGCAAGAGTGGTCTATNGG	chr15	78244070	78244570	chr15:78244070-78244570	.	enh
chr15	78244558	78244581	SNP-175-3	-	CAGGCAAGAGTGGTCTATTGNGG	chr15	78244070	78244570	chr15:78244070-78244570	.	enh
chr15	78259538	78259561	SNP-176-1	+	GCAAAATCAGCCCGTGCTAGNGG	chr15	78259166	78259666	chr15:78259166-78259666	.	enh
chr15	78259537	78259560	SNP-176-2	+	AGCAAAATCAGCCCGTGCTANGG	chr15	78259166	78259666	chr15:78259166-78259666	.	enh
chr15	78259536	78259559	SNP-176-3	+	TAGCAAAATCAGCCCGTGCTNGG	chr15	78259166	78259666	chr15:78259166-78259666	.	enh
chr16	120326	120349	SNP-186-1	+	GACATTCTAGGGTGCAAACCNGG	chr16	119350	120611	chr16:119350-120611	.	enh
chr16	120244	120267	SNP-186-2	+	GGGAAGCTCTAGCCTCCGCANGG	chr16	119350	120611	chr16:119350-120611	.	enh
chr16	120293	120316	SNP-186-3	-	GGTCTCTTCTAGGACCTTAGNGG	chr16	119350	120611	chr16:119350-120611	.	enh
chr16	143227	143250	SNP-187-1	+	TGGGGTTCACAGACGCTATCNGG	chr16	142367	144053	chr16:142367-144053	.	enh
chr16	143163	143186	SNP-187-2	-	ACCAAGTGGCAGGACCGATANGG	chr16	142367	144053	chr16:142367-144053	.	enh
chr16	143167	143190	SNP-187-3	+	ATCGGTCCTGCCACTTGGTCNGG	chr16	142367	144053	chr16:142367-144053	.	enh
chr16	3183431	3183454	SNP-188-1	+	CCGCGTCCAGGTGTCGGTTCNGG	chr16	3182304	3183673	chr16:3182304-3183673	.	enh
chr16	3183432	3183455	SNP-188-2	+	CGCGTCCAGGTGTCGGTTCCNGG	chr16	3182304	3183673	chr16:3182304-3183673	.	enh
chr16	3183433	3183456	SNP-188-3	+	GCGTCCAGGTGTCGGTTCCGNGG	chr16	3182304	3183673	chr16:3182304-3183673	.	enh
chr16	3191931	3191954	SNP-189-1	+	TTATCGCTCCAAGTACTCCANGG	chr16	3190790	3192366	chr16:3190790-3192366	.	enh
chr16	3192048	3192071	SNP-189-2	-	AATAAGAAGAGGGGCTCGTCNGG	chr16	3190790	3192366	chr16:3190790-3192366	.	enh
chr16	3192047	3192070	SNP-189-3	-	ATAAGAAGAGGGGCTCGTCCNGG	chr16	3190790	3192366	chr16:3190790-3192366	.	enh
chr16	84549377	84549400	SNP-191-1	+	GGGGCCGTTCTGTCGGCAACNGG	chr16	84549123	84550027	chr16:84549123-84550027	.	enh
chr16	84549378	84549401	SNP-191-2	+	GGGCCGTTCTGTCGGCAACCNGG	chr16	84549123	84550027	chr16:84549123-84550027	.	enh
chr16	84549381	84549404	SNP-191-3	-	TGTCCCGGTTGCCGACAGAANGG	chr16	84549123	84550027	chr16:84549123-84550027	.	enh
chr16	85382092	85382115	SNP-192-1	+	GTGATCAATCTTGCGGCCCTNGG	chr16	85381486	85382558	chr16:85381486-85382558	.	enh
chr16	85382091	85382114	SNP-192-2	+	TGTGATCAATCTTGCGGCCCNGG	chr16	85381486	85382558	chr16:85381486-85382558	.	enh
chr16	85382084	85382107	SNP-192-3	-	CGCAAGATTGATCACAGCGGNGG	chr16	85381486	85382558	chr16:85381486-85382558	.	enh
chr16	85383419	85383442	SNP-193-1	-	GCGTGCGTATCTATGTACAGNGG	chr16	85383377	85383877	chr16:85383377-85383877	.	enh
chr16	87854441	87854464	SNP-194-1	-	CTCGCCTCCTTAAGGTCGAANGG	chr16	87853292	87854940	chr16:87853292-87854940	.	enh
chr16	87854637	87854660	SNP-194-2	-	TGGCGCGGCCACACTTATCTNGG	chr16	87853292	87854940	chr16:87853292-87854940	.	enh
chr16	87854638	87854661	SNP-194-3	-	CTGGCGCGGCCACACTTATCNGG	chr16	87853292	87854940	chr16:87853292-87854940	.	enh
chr16	88452112	88452135	SNP-196-1	+	GCCCGTTTCTTATGAGTACGNGG	chr16	88451816	88453942	chr16:88451816-88453942	.	enh
chr16	88452103	88452126	SNP-196-2	-	CATAAGAAACGGGCGTCAGTNGG	chr16	88451816	88453942	chr16:88451816-88453942	.	enh
chr16	88452110	88452133	SNP-196-3	+	ACGCCCGTTTCTTATGAGTANGG	chr16	88451816	88453942	chr16:88451816-88453942	.	enh
chr16	88460796	88460819	SNP-197-1	-	TCACCCGGCATGAATAAGTCNGG	chr16	88460669	88462384	chr16:88460669-88462384	.	enh
chr16	88460694	88460717	SNP-197-2	-	CTACCCAACACAGCTCGGATNGG	chr16	88460669	88462384	chr16:88460669-88462384	.	enh
chr16	88460691	88460714	SNP-197-3	-	CCCAACACAGCTCGGATAGGNGG	chr16	88460669	88462384	chr16:88460669-88462384	.	enh
chr16	88491741	88491764	SNP-198-1	-	CATATCTGCGGGAGCCGATANGG	chr16	88491521	88492655	chr16:88491521-88492655	.	enh
chr16	88491742	88491765	SNP-198-2	-	TCATATCTGCGGGAGCCGATNGG	chr16	88491521	88492655	chr16:88491521-88492655	.	enh
chr16	88491786	88491809	SNP-198-3	+	ATGGGCTGATACGCGGCCGCNGG	chr16	88491521	88492655	chr16:88491521-88492655	.	enh
chr17	28862871	28862894	SNP-200-1	+	GCTCTACCCTCTGCTTAGCANGG	chr17	28862456	28862956	chr17:28862456-28862956	.	enh
chr17	28862843	28862866	SNP-200-2	+	TTCCTGAGGTCACAGCACGCNGG	chr17	28862456	28862956	chr17:28862456-28862956	.	enh
chr17	28862902	28862925	SNP-200-3	-	AGGAGCTAACTAGACAAGAANGG	chr17	28862456	28862956	chr17:28862456-28862956	.	enh
chr17	58332584	58332607	SNP-202-1	-	GGGCGCGCTCTGAGACCGTTNGG	chr17	58332284	58332784	chr17:58332284-58332784	.	enh
chr17	58332546	58332569	SNP-202-2	+	TTATAACCCCGAGGCCACGTNGG	chr17	58332284	58332784	chr17:58332284-58332784	.	enh
chr17	58332537	58332560	SNP-202-3	+	GGGCAGGGCTTATAACCCCGNGG	chr17	58332284	58332784	chr17:58332284-58332784	.	enh
chr17	60524834	60524857	SNP-203-1	+	GACACTAGGAGTTATCGACGNGG	chr17	60524592	60525092	chr17:60524592-60525092	.	enh
chr17	60524847	60524870	SNP-203-2	+	ATCGACGCGGATTCAAGACANGG	chr17	60524592	60525092	chr17:60524592-60525092	.	enh
chr17	60524743	60524766	SNP-203-3	-	CTCTTGATCTGTAAGTTGGCNGG	chr17	60524592	60525092	chr17:60524592-60525092	.	enh
chr17	7237862	7237885	SNP-204-1	-	GGAAGGGGAGCGCTATAGCGNGG	chr17	7237585	7238853	chr17:7237585-7238853	.	enh
chr17	7237725	7237748	SNP-204-2	-	GGGTTCACTTAGGAACAACGNGG	chr17	7237585	7238853	chr17:7237585-7238853	.	enh
chr17	7237787	7237810	SNP-204-3	+	CAGCTGTGTTGGATCCGCCCNGG	chr17	7237585	7238853	chr17:7237585-7238853	.	enh
chr17	78258042	78258065	SNP-206-1	-	CAGGGATGCGTGCCGACGGTNGG	chr17	78257711	78258455	chr17:78257711-78258455	.	enh
chr17	78258041	78258064	SNP-206-2	-	AGGGATGCGTGCCGACGGTTNGG	chr17	78257711	78258455	chr17:78257711-78258455	.	enh
chr17	78258040	78258063	SNP-206-3	-	GGGATGCGTGCCGACGGTTGNGG	chr17	78257711	78258455	chr17:78257711-78258455	.	enh
chr18	3443115	3443138	SNP-211-1	-	CATACTGATAATGAACCGGCNGG	chr18	3442862	3443362	chr18:3442862-3443362	.	enh
chr18	3443114	3443137	SNP-211-2	-	ATACTGATAATGAACCGGCTNGG	chr18	3442862	3443362	chr18:3442862-3443362	.	enh
chr18	3443140	3443163	SNP-211-3	-	AGCCCCTTCTGATTGTGTACNGG	chr18	3442862	3443362	chr18:3442862-3443362	.	enh
chr18	48934563	48934586	SNP-212-1	+	AGCTGCTTGGCCTTACCATTNGG	chr18	48932706	48934594	chr18:48932706-48934594	.	enh
chr18	48934573	48934596	SNP-212-2	-	GCTTCCTTCCCCAAATGGTANGG	chr18	48932706	48934594	chr18:48932706-48934594	.	enh
chr18	48934564	48934587	SNP-212-3	+	GCTGCTTGGCCTTACCATTTNGG	chr18	48932706	48934594	chr18:48932706-48934594	.	enh
chr19	1035980	1036003	SNP-214-1	-	AGGCACATCTCTCGGGTGTCNGG	chr19	1035826	1036326	chr19:1035826-1036326	.	enh
chr19	1035979	1036002	SNP-214-2	-	GGCACATCTCTCGGGTGTCTNGG	chr19	1035826	1036326	chr19:1035826-1036326	.	enh
chr19	1035985	1036008	SNP-214-3	+	CACCCGAGAGATGTGCCTGTNGG	chr19	1035826	1036326	chr19:1035826-1036326	.	enh
chr19	1063104	1063127	SNP-215-1	-	GCCAGCATGAGTATGCGGCGNGG	chr19	1062595	1063616	chr19:1062595-1063616	.	enh
chr19	1063106	1063129	SNP-215-2	-	GAGCCAGCATGAGTATGCGGNGG	chr19	1062595	1063616	chr19:1062595-1063616	.	enh
chr19	1063103	1063126	SNP-215-3	+	GCCCCGCCGCATACTCATGCNGG	chr19	1062595	1063616	chr19:1062595-1063616	.	enh
chr19	12883868	12883891	SNP-216-1	-	GGACCATAGAGTCGCTAGTCNGG	chr19	12883648	12884148	chr19:12883648-12884148	.	enh
chr19	12883865	12883888	SNP-216-2	+	CACCCAGACTAGCGACTCTANGG	chr19	12883648	12884148	chr19:12883648-12884148	.	enh
chr19	12883867	12883890	SNP-216-3	-	GACCATAGAGTCGCTAGTCTNGG	chr19	12883648	12884148	chr19:12883648-12884148	.	enh
chr19	1435747	1435770	SNP-218-1	+	AAAGGTCTGAAACGCGACGGNGG	chr19	1435361	1435861	chr19:1435361-1435861	.	enh
chr19	1435744	1435767	SNP-218-2	+	AGGAAAGGTCTGAAACGCGANGG	chr19	1435361	1435861	chr19:1435361-1435861	.	enh
chr19	1435628	1435651	SNP-218-3	-	CCAGGGTCAAACTGGTCAATNGG	chr19	1435361	1435861	chr19:1435361-1435861	.	enh
chr19	14418256	14418279	SNP-219-1	-	TTGGGCGGGGAAAACCCCGCNGG	chr19	14417789	14419696	chr19:14417789-14419696	.	enh
chr19	14418287	14418310	SNP-219-2	+	GCCATGACCGCTAAGGCGCCNGG	chr19	14417789	14419696	chr19:14417789-14419696	.	enh
chr19	14418242	14418265	SNP-219-3	+	GATCAGGAAAGGATCCGGCGNGG	chr19	14417789	14419696	chr19:14417789-14419696	.	enh
chr19	1855664	1855687	SNP-220-1	-	GGGCGTGAGACCCCGGCTAANGG	chr19	1854521	1855798	chr19:1854521-1855798	.	enh
chr19	1855608	1855631	SNP-220-2	+	TGTGCGCCTCCAGGCGGTGTNGG	chr19	1854521	1855798	chr19:1854521-1855798	.	enh
chr19	1855479	1855502	SNP-220-3	+	CCCACGGGACAGATGGCGCTNGG	chr19	1854521	1855798	chr19:1854521-1855798	.	enh
chr19	33263628	33263651	SNP-221-1	+	TCACTGTCATGTCCGCGGCGNGG	chr19	33263201	33263815	chr19:33263201-33263815	.	enh
chr19	33263715	33263738	SNP-221-2	+	CTCCTGGCAGGCGTTTGTACNGG	chr19	33263201	33263815	chr19:33263201-33263815	.	enh
chr19	33263623	33263646	SNP-221-3	+	TACCGTCACTGTCATGTCCGNGG	chr19	33263201	33263815	chr19:33263201-33263815	.	enh
chr19	43774479	43774502	SNP-223-1	+	CCTAAATCCTGCACGCACGGNGG	chr19	43773401	43775296	chr19:43773401-43775296	.	enh
chr19	43774592	43774615	SNP-223-2	-	TCATGACCGACAACGGGCTGNGG	chr19	43773401	43775296	chr19:43773401-43775296	.	enh
chr19	43774598	43774621	SNP-223-3	-	AGCTGTTCATGACCGACAACNGG	chr19	43773401	43775296	chr19:43773401-43775296	.	enh
chr19	43777818	43777841	SNP-224-1	-	AATGCTTTGTAAGGACGCCCNGG	chr19	43777279	43778237	chr19:43777279-43778237	.	enh
chr19	43777815	43777838	SNP-224-2	-	GCTTTGTAAGGACGCCCAGGNGG	chr19	43777279	43778237	chr19:43777279-43778237	.	enh
chr19	43777783	43777806	SNP-224-3	+	CCTGCCTGGCGGGTATTTGCNGG	chr19	43777279	43778237	chr19:43777279-43778237	.	enh
chr19	6802653	6802676	SNP-229-1	-	GGCATAATGAGGGCGCTCATNGG	chr19	6802259	6802823	chr19:6802259-6802823	.	enh
chr19	6802654	6802677	SNP-229-2	-	TGGCATAATGAGGGCGCTCANGG	chr19	6802259	6802823	chr19:6802259-6802823	.	enh
chr19	6802462	6802485	SNP-229-3	-	CGGTGGGGCCAGCTAAAGAANGG	chr19	6802259	6802823	chr19:6802259-6802823	.	enh
chr2	191831591	191831614	SNP-233-1	-	TGGCAAATCAGCATGCGGCCNGG	chr2	191831098	191831850	chr2:191831098-191831850	.	enh
chr2	191831589	191831612	SNP-233-2	-	GCAAATCAGCATGCGGCCAGNGG	chr2	191831098	191831850	chr2:191831098-191831850	.	enh
chr2	191831590	191831613	SNP-233-3	-	GGCAAATCAGCATGCGGCCANGG	chr2	191831098	191831850	chr2:191831098-191831850	.	enh
chr2	218407485	218407508	SNP-234-1	+	AAACACTCCCTGCAGTAGCGNGG	chr2	218405477	218408191	chr2:218405477-218408191	.	enh
chr2	218407493	218407516	SNP-234-2	-	CCTCTGAGCCTCGCTACTGCNGG	chr2	218405477	218408191	chr2:218405477-218408191	.	enh
chr2	218407579	218407602	SNP-234-3	-	GAAAGGCCACTCCCTTGGTCNGG	chr2	218405477	218408191	chr2:218405477-218408191	.	enh
chr2	230661856	230661879	SNP-235-1	-	CTATGTCTAGCTCGGTTCAANGG	chr2	230661735	230662296	chr2:230661735-230662296	.	enh
chr2	230661864	230661887	SNP-235-2	-	TACCACACCTATGTCTAGCTNGG	chr2	230661735	230662296	chr2:230661735-230662296	.	enh
chr2	231716357	231716380	SNP-237-1	+	CCTCTACCAAGCCTGCGGGTNGG	chr2	231715928	231716428	chr2:231715928-231716428	.	enh
chr2	231716357	231716380	SNP-237-2	-	CCAACCCGCAGGCTTGGTAGNGG	chr2	231715928	231716428	chr2:231715928-231716428	.	enh
chr2	231716363	231716386	SNP-237-3	-	AGGCATCCAACCCGCAGGCTNGG	chr2	231715928	231716428	chr2:231715928-231716428	.	enh
chr2	231717465	231717488	SNP-238-1	+	ATCCAATCAGAAGGAGTTCTNGG	chr2	231717158	231717658	chr2:231717158-231717658	.	enh
chr2	231717456	231717479	SNP-238-2	+	ACCTAAGTCATCCAATCAGANGG	chr2	231717158	231717658	chr2:231717158-231717658	.	enh
chr2	231717400	231717423	SNP-238-3	-	GGGCACCTCAGGCCACTGATNGG	chr2	231717158	231717658	chr2:231717158-231717658	.	enh
chr2	235459321	235459344	SNP-240-1	-	TGGTTGGGGTCTGACTCCTTNGG	chr2	235458930	235459430	chr2:235458930-235459430	.	enh
chr2	235459281	235459304	SNP-240-2	+	GATATCACACCAACTGTGAGNGG	chr2	235458930	235459430	chr2:235458930-235459430	.	enh
chr2	235459337	235459360	SNP-240-3	-	CTTTCATTAACTTTAGTGGTNGG	chr2	235458930	235459430	chr2:235458930-235459430	.	enh
chr2	235460789	235460812	SNP-241-1	+	AGCGGAGGAGATGCGCTAGANGG	chr2	235460373	235461592	chr2:235460373-235461592	.	enh
chr2	235460774	235460797	SNP-241-2	+	TGAACATGATGAGTCAGCGGNGG	chr2	235460373	235461592	chr2:235460373-235461592	.	enh
chr2	235460898	235460921	SNP-241-3	+	AGCTGTTGGTCTGTTAGCACNGG	chr2	235460373	235461592	chr2:235460373-235461592	.	enh
chr2	26175772	26175795	SNP-242-1	+	TTATAAGGGACAGTCCCGTCNGG	chr2	26175496	26175996	chr2:26175496-26175996	.	enh
chr2	26175770	26175793	SNP-242-2	-	GGACGGGACTGTCCCTTATANGG	chr2	26175496	26175996	chr2:26175496-26175996	.	enh
chr2	26175773	26175796	SNP-242-3	+	TATAAGGGACAGTCCCGTCCNGG	chr2	26175496	26175996	chr2:26175496-26175996	.	enh
chr2	54560475	54560498	SNP-249-1	+	TTAAAACTGCTCGCCGAGAANGG	chr2	54559409	54560740	chr2:54559409-54560740	.	enh
chr2	54560320	54560343	SNP-249-2	-	AGTGGGCTGACGATCCCGGTNGG	chr2	54559409	54560740	chr2:54559409-54560740	.	enh
chr2	54560474	54560497	SNP-249-3	+	TTTAAAACTGCTCGCCGAGANGG	chr2	54559409	54560740	chr2:54559409-54560740	.	enh
chr2	62296327	62296350	SNP-252-1	-	CAACCAGATCTTGGAAGCGCNGG	chr2	62296004	62298086	chr2:62296004-62298086	.	enh
chr2	62296326	62296349	SNP-252-2	-	AACCAGATCTTGGAAGCGCTNGG	chr2	62296004	62298086	chr2:62296004-62298086	.	enh
chr2	62296371	62296394	SNP-252-3	+	GAGGAAAACACCTTCGCCCANGG	chr2	62296004	62298086	chr2:62296004-62298086	.	enh
chr2	64643468	64643491	SNP-254-1	-	GCGTGCATGTAGAGCCGTGCNGG	chr2	64642898	64643698	chr2:64642898-64643698	.	enh
chr2	64643569	64643592	SNP-254-2	+	AACAAGCTGTATGCCTTCGCNGG	chr2	64642898	64643698	chr2:64642898-64643698	.	enh
chr2	64643482	64643505	SNP-254-3	+	CATGCACGCTATACTTCAACNGG	chr2	64642898	64643698	chr2:64642898-64643698	.	enh
chr2	64650759	64650782	SNP-255-2	+	TTGTGCATATAAAGTGGCCANGG	chr2	64650697	64651197	chr2:64650697-64651197	.	enh
chr2	64655378	64655401	SNP-256-1	+	ATTATGGAAGCTGTGCTCACNGG	chr2	64655162	64655662	chr2:64655162-64655662	.	enh
chr2	64655402	64655425	SNP-256-2	-	AAACTGAGCAAGACCTGCAGNGG	chr2	64655162	64655662	chr2:64655162-64655662	.	enh
chr2	64655199	64655222	SNP-256-3	+	TTGTGCTGAAATGTTGATAGNGG	chr2	64655162	64655662	chr2:64655162-64655662	.	enh
chr2	65438006	65438029	SNP-259-2	-	GCCCCACATTTGCATAACTTNGG	chr2	65437563	65438063	chr2:65437563-65438063	.	enh
chr2	8615909	8615932	SNP-264-1	+	TATGACAGTCGCAACCCTTCNGG	chr2	8615791	8616486	chr2:8615791-8616486	.	enh
chr2	8616157	8616180	SNP-264-2	+	GTCTCTCCTTCTTCTCGCCGNGG	chr2	8615791	8616486	chr2:8615791-8616486	.	enh
chr2	8616105	8616128	SNP-264-3	-	GGCATGCAAAGGTTAGGCCTNGG	chr2	8615791	8616486	chr2:8615791-8616486	.	enh
chr2	96189398	96189421	SNP-265-1	+	ACACTGTCATAAATCTTAGCNGG	chr2	96189082	96189670	chr2:96189082-96189670	.	enh
chr2	96189399	96189422	SNP-265-2	+	CACTGTCATAAATCTTAGCTNGG	chr2	96189082	96189670	chr2:96189082-96189670	.	enh
chr2	96189376	96189399	SNP-265-3	-	TCAGAGTAAAGATATGCAGCNGG	chr2	96189082	96189670	chr2:96189082-96189670	.	enh
chr2	96246961	96246984	SNP-267-1	-	TGAAAAGTTCAGCGTAGTCGNGG	chr2	96246916	96247541	chr2:96246916-96247541	.	enh
chr2	96246962	96246985	SNP-267-2	-	TTGAAAAGTTCAGCGTAGTCNGG	chr2	96246916	96247541	chr2:96246916-96247541	.	enh
chr2	96247079	96247102	SNP-267-3	-	TTAGCTCATGGACCTAGCCCNGG	chr2	96246916	96247541	chr2:96246916-96247541	.	enh
chr20	43556800	43556823	SNP-270-1	+	CTGTCAGAAATACTAGCGGANGG	chr20	43556317	43556932	chr20:43556317-43556932	.	enh
chr20	43556807	43556830	SNP-270-2	+	AAATACTAGCGGAAGGCCACNGG	chr20	43556317	43556932	chr20:43556317-43556932	.	enh
chr20	43556770	43556793	SNP-270-3	+	ACCCAGCACTCACACTTAACNGG	chr20	43556317	43556932	chr20:43556317-43556932	.	enh
chr20	47315869	47315892	SNP-271-1	+	GGTTCTGAATGAGTTAACGTNGG	chr20	47315596	47316096	chr20:47315596-47316096	.	enh
chr20	47315797	47315820	SNP-271-2	+	GTAGGACCTGTGACCCCGCCNGG	chr20	47315596	47316096	chr20:47315596-47316096	.	enh
chr20	47315868	47315891	SNP-271-3	+	TGGTTCTGAATGAGTTAACGNGG	chr20	47315596	47316096	chr20:47315596-47316096	.	enh
chr20	50477344	50477367	SNP-273-1	+	GTCAGTAGTGCCCGATTGAANGG	chr20	50476984	50477670	chr20:50476984-50477670	.	enh
chr20	50477355	50477378	SNP-273-2	-	TCATGCATTGGCCATTCAATNGG	chr20	50476984	50477670	chr20:50476984-50477670	.	enh
chr20	50477354	50477377	SNP-273-3	-	CATGCATTGGCCATTCAATCNGG	chr20	50476984	50477670	chr20:50476984-50477670	.	enh
chr20	50483553	50483576	SNP-274-1	+	TGACCACTCTCAGCGGTTGANGG	chr20	50482321	50484221	chr20:50482321-50484221	.	enh
chr20	50483497	50483520	SNP-274-2	+	GTATACCGCAAGATTGTCTCNGG	chr20	50482321	50484221	chr20:50482321-50484221	.	enh
chr20	50483626	50483649	SNP-274-3	-	GTGCTTCATGTGCGCATGGCNGG	chr20	50482321	50484221	chr20:50482321-50484221	.	enh
chr20	53594168	53594191	SNP-275-1	-	TGTCCCCGCGCGGACGAGTANGG	chr20	53591764	53594912	chr20:53591764-53594912	.	enh
chr20	53594076	53594099	SNP-275-2	-	CGGCCCCTATATTCTCCGGGNGG	chr20	53591764	53594912	chr20:53591764-53594912	.	enh
chr20	53594169	53594192	SNP-275-3	-	CTGTCCCCGCGCGGACGAGTNGG	chr20	53591764	53594912	chr20:53591764-53594912	.	enh
chr20	56415116	56415139	SNP-277-1	+	TATTCTCTCCCTTGTACCAGNGG	chr20	56415095	56415595	chr20:56415095-56415595	.	enh
chr20	56415124	56415147	SNP-277-3	-	TTTGCCAACCCCTGGTACAANGG	chr20	56415095	56415595	chr20:56415095-56415595	.	enh
chr20	57415325	57415348	SNP-278-1	-	CACTTATCGGCCCCTGCGGGNGG	chr20	57414882	57416323	chr20:57414882-57416323	.	enh
chr20	57415330	57415353	SNP-278-2	+	CGCAGGGGCCGATAAGTGTCNGG	chr20	57414882	57416323	chr20:57414882-57416323	.	enh
chr20	57415217	57415240	SNP-278-3	+	CCAGATGCTGAGCGAATAACNGG	chr20	57414882	57416323	chr20:57414882-57416323	.	enh
chr21	34907960	34907983	SNP-288-1	+	TCCCGAAACAGTGGCTGATCNGG	chr21	34907758	34909166	chr21:34907758-34909166	.	enh
chr21	34908033	34908056	SNP-288-2	-	AGAAGTAGCAAAACGGCTCTNGG	chr21	34907758	34909166	chr21:34907758-34909166	.	enh
chr21	34907951	34907974	SNP-288-3	+	CTTCTAAGCTCCCGAAACAGNGG	chr21	34907758	34909166	chr21:34907758-34909166	.	enh
chr21	44845607	44845630	SNP-290-1	-	GGATGAAATGCACACTCGGGNGG	chr21	44845616	44847120	chr21:44845616-44847120	.	enh
chr21	44845640	44845663	SNP-290-2	+	TGGCTTCTGTGGACGCAGGANGG	chr21	44845616	44847120	chr21:44845616-44847120	.	enh
chr21	44845636	44845659	SNP-290-3	+	TGTCTGGCTTCTGTGGACGCNGG	chr21	44845616	44847120	chr21:44845616-44847120	.	enh
chr22	19705474	19705497	SNP-293-1	-	TGCCCCAAAAGCCGGTGCCTNGG	chr22	19705098	19705755	chr22:19705098-19705755	.	enh
chr22	19705499	19705522	SNP-293-2	-	CTCCATCTGCTGGCGATCCCNGG	chr22	19705098	19705755	chr22:19705098-19705755	.	enh
chr22	19705411	19705434	SNP-293-3	-	AGAGGGCTCGTGGGGTGAACNGG	chr22	19705098	19705755	chr22:19705098-19705755	.	enh
chr22	21587608	21587631	SNP-297-1	+	TAACTGCTTTGCCAAGACGCNGG	chr22	21587468	21588793	chr22:21587468-21588793	.	enh
chr22	21587619	21587642	SNP-297-2	-	AGATGTACACACCTGCGTCTNGG	chr22	21587468	21588793	chr22:21587468-21588793	.	enh
chr22	21587695	21587718	SNP-297-3	+	CCTCTCAGGACTTGAGTCCGNGG	chr22	21587468	21588793	chr22:21587468-21588793	.	enh
chr22	21628898	21628921	SNP-300-1	+	GTCGACGCCAGACTCGCTTCNGG	chr22	21628391	21630404	chr22:21628391-21630404	.	enh
chr22	21628905	21628928	SNP-300-2	-	TCTCAACCCGGAAGCGAGTCNGG	chr22	21628391	21630404	chr22:21628391-21630404	.	enh
chr22	21628899	21628922	SNP-300-3	+	TCGACGCCAGACTCGCTTCCNGG	chr22	21628391	21630404	chr22:21628391-21630404	.	enh
chr22	37242674	37242697	SNP-301-1	-	CTTTGTATCTGATCGGAGGANGG	chr22	37242033	37243234	chr22:37242033-37243234	.	enh
chr22	37242678	37242701	SNP-301-2	-	TCTGCTTTGTATCTGATCGGNGG	chr22	37242033	37243234	chr22:37242033-37243234	.	enh
chr22	37242675	37242698	SNP-301-3	-	GCTTTGTATCTGATCGGAGGNGG	chr22	37242033	37243234	chr22:37242033-37243234	.	enh
chr3	128603800	128603823	SNP-304-1	-	TATCTATCACTGCTGTGCGGNGG	chr3	128603631	128604400	chr3:128603631-128604400	.	enh
chr3	128603872	128603895	SNP-304-2	-	TGCATGAATTCCGGTCTCAANGG	chr3	128603631	128604400	chr3:128603631-128604400	.	enh
chr3	128603836	128603859	SNP-304-3	-	TTCTGGTCAACCGCAAGCTCNGG	chr3	128603631	128604400	chr3:128603631-128604400	.	enh
chr3	129056981	129057004	SNP-305-1	-	GGCCTCTGCCTCTACTATACNGG	chr3	129056366	129057212	chr3:129056366-129057212	.	enh
chr3	129057160	129057183	SNP-305-2	+	TTGAGTTTCACATCAATGGGNGG	chr3	129056366	129057212	chr3:129056366-129057212	.	enh
chr3	129057066	129057089	SNP-305-3	-	TACATACTTGTCAGCCTTGCNGG	chr3	129056366	129057212	chr3:129056366-129057212	.	enh
chr3	138877611	138877634	SNP-307-1	-	GAACACATTGCTGATAGGGANGG	chr3	138877047	138877842	chr3:138877047-138877842	.	enh
chr3	138877615	138877638	SNP-307-2	+	CCCTATCAGCAATGTGTTCTNGG	chr3	138877047	138877842	chr3:138877047-138877842	.	enh
chr3	138877615	138877638	SNP-307-3	-	CCAAGAACACATTGCTGATANGG	chr3	138877047	138877842	chr3:138877047-138877842	.	enh
chr3	172066849	172066872	SNP-313-1	+	TTGCACGAGTGTGTGAACATNGG	chr3	172065263	172066892	chr3:172065263-172066892	.	enh
chr3	187738832	187738855	SNP-316-1	-	ACCTTTATCCCACCGGGCGANGG	chr3	187738485	187739270	chr3:187738485-187739270	.	enh
chr3	187738831	187738854	SNP-316-2	-	CCTTTATCCCACCGGGCGAANGG	chr3	187738485	187739270	chr3:187738485-187739270	.	enh
chr3	187738830	187738853	SNP-316-3	-	CTTTATCCCACCGGGCGAAGNGG	chr3	187738485	187739270	chr3:187738485-187739270	.	enh
chr3	187742263	187742286	SNP-317-1	+	ATTACCCTGTAGGGGATAGANGG	chr3	187741959	187742459	chr3:187741959-187742459	.	enh
chr3	187742254	187742277	SNP-317-2	+	GTGAGTGTCATTACCCTGTANGG	chr3	187741959	187742459	chr3:187741959-187742459	.	enh
chr3	187742255	187742278	SNP-317-3	+	TGAGTGTCATTACCCTGTAGNGG	chr3	187741959	187742459	chr3:187741959-187742459	.	enh
chr3	196045161	196045184	SNP-320-1	+	CGTGTGACAGCGACGAGTCANGG	chr3	196045182	196045682	chr3:196045182-196045682	.	enh
chr3	196045160	196045183	SNP-320-2	-	CTTGACTCGTCGCTGTCACANGG	chr3	196045182	196045682	chr3:196045182-196045682	.	enh
chr3	196080632	196080655	SNP-324-1	-	GCTAACTCCGCCCTAAGGCGNGG	chr3	196079915	196083091	chr3:196079915-196083091	.	enh
chr3	196080637	196080660	SNP-324-2	-	GTTTGGCTAACTCCGCCCTANGG	chr3	196079915	196083091	chr3:196079915-196083091	.	enh
chr3	196080621	196080644	SNP-324-3	+	GCAAGTAACTGCCTCGCCTTNGG	chr3	196079915	196083091	chr3:196079915-196083091	.	enh
chr3	196193138	196193161	SNP-326-1	-	AGGGTGCTGCTTCGGACACGNGG	chr3	196192618	196194322	chr3:196192618-196194322	.	enh
chr3	196193187	196193210	SNP-326-2	+	AAACCCGCACCCAGCCGGACNGG	chr3	196192618	196194322	chr3:196192618-196194322	.	enh
chr3	196193012	196193035	SNP-326-3	+	CAGGAGGCAGAGCCGTTGTTNGG	chr3	196192618	196194322	chr3:196192618-196194322	.	enh
chr3	196194470	196194493	SNP-327-3	+	CTTCTCCACAGCACACTAGTNGG	chr3	196194473	196194973	chr3:196194473-196194973	.	enh
chr3	24299893	24299916	SNP-331-1	+	AAATACTCCAGGGGAATTACNGG	chr3	24299802	24300302	chr3:24299802-24300302	.	enh
chr3	24299882	24299905	SNP-331-2	+	CCTATTGCTGAAAATACTCCNGG	chr3	24299802	24300302	chr3:24299802-24300302	.	enh
chr3	33006053	33006076	SNP-334-1	+	AGGCTGCATAGGATATTGACNGG	chr3	33006002	33006502	chr3:33006002-33006502	.	enh
chr3	33006146	33006169	SNP-334-2	+	TTCAGGTTTGGCATATAGCANGG	chr3	33006002	33006502	chr3:33006002-33006502	.	enh
chr3	33006145	33006168	SNP-334-3	+	TTTCAGGTTTGGCATATAGCNGG	chr3	33006002	33006502	chr3:33006002-33006502	.	enh
chr4	122760093	122760116	SNP-338-1	+	AATGCACGACTTTGCTCTATNGG	chr4	122759861	122760361	chr4:122759861-122760361	.	enh
chr4	122759976	122759999	SNP-338-2	+	CACAGCCCTTCCTAATTAACNGG	chr4	122759861	122760361	chr4:122759861-122760361	.	enh
chr4	122759985	122760008	SNP-338-3	+	TCCTAATTAACAGGCCTACTNGG	chr4	122759861	122760361	chr4:122759861-122760361	.	enh
chr4	128306134	128306157	SNP-339-1	+	AGCTATGAGAACACTAAGGGNGG	chr4	128305274	128306407	chr4:128305274-128306407	.	enh
chr4	128306028	128306051	SNP-339-2	+	TACTCTCTGCTAGCCACCCTNGG	chr4	128305274	128306407	chr4:128305274-128306407	.	enh
chr4	128306095	128306118	SNP-339-3	+	AAGGGATATGCAGTCCCTGCNGG	chr4	128305274	128306407	chr4:128305274-128306407	.	enh
chr4	144105087	144105110	SNP-340-1	+	AGTACTGCATTGTAAGTCCGNGG	chr4	144104431	144105213	chr4:144104431-144105213	.	enh
chr4	144105076	144105099	SNP-340-2	-	CAATGCAGTACTAACATTCCNGG	chr4	144104431	144105213	chr4:144104431-144105213	.	enh
chr4	144105058	144105081	SNP-340-3	+	AGAAATATTCAACAGCAACCNGG	chr4	144104431	144105213	chr4:144104431-144105213	.	enh
chr4	38662602	38662625	SNP-350-1	-	CAGAACCGACGCCGGCTCATNGG	chr4	38661801	38665505	chr4:38661801-38665505	.	enh
chr4	38662603	38662626	SNP-350-2	+	CCATGAGCCGGCGTCGGTTCNGG	chr4	38661801	38665505	chr4:38661801-38665505	.	enh
chr4	38662610	38662633	SNP-350-3	-	AGGATACCCAGAACCGACGCNGG	chr4	38661801	38665505	chr4:38661801-38665505	.	enh
chr4	54539668	54539691	SNP-352-1	+	GGCCACTGAGCGGTCATCAANGG	chr4	54539466	54540180	chr4:54539466-54540180	.	enh
chr4	54539670	54539693	SNP-352-2	-	CGCCCTTGATGACCGCTCAGNGG	chr4	54539466	54540180	chr4:54539466-54540180	.	enh
chr4	54539667	54539690	SNP-352-3	+	CGGCCACTGAGCGGTCATCANGG	chr4	54539466	54540180	chr4:54539466-54540180	.	enh
chr4	54542881	54542904	SNP-354-1	+	TGGTCTACCGGTTTGCCTATNGG	chr4	54542438	54543181	chr4:54542438-54543181	.	enh
chr4	54542896	54542919	SNP-354-2	-	GCAAGAGGCGGTTTGCCAATNGG	chr4	54542438	54543181	chr4:54542438-54543181	.	enh
chr4	54542888	54542911	SNP-354-3	-	CGGTTTGCCAATAGGCAAACNGG	chr4	54542438	54543181	chr4:54542438-54543181	.	enh
chr4	87131128	87131151	SNP-358-1	-	GGCAATTCCGCACTCAATGANGG	chr4	87130897	87131479	chr4:87130897-87131479	.	enh
chr4	87131068	87131091	SNP-358-2	+	TTCTTCTCCTGCAGACGGACNGG	chr4	87130897	87131479	chr4:87130897-87131479	.	enh
chr4	87131075	87131098	SNP-358-3	-	TTCCAACCCTGTCCGTCTGCNGG	chr4	87130897	87131479	chr4:87130897-87131479	.	enh
chr5	126755734	126755757	SNP-362-1	+	GGGGCCTAGACCTCGATAAANGG	chr5	126755383	126755883	chr5:126755383-126755883	.	enh
chr5	126755733	126755756	SNP-362-2	+	TGGGGCCTAGACCTCGATAANGG	chr5	126755383	126755883	chr5:126755383-126755883	.	enh
chr5	126755744	126755767	SNP-362-3	-	GAAACCTCATCCCTTTATCGNGG	chr5	126755383	126755883	chr5:126755383-126755883	.	enh
chr5	132260847	132260870	SNP-365-1	+	CTCCCCTAGCTCAATAGAGCNGG	chr5	132260609	132261109	chr5:132260609-132261109	.	enh
chr5	132260849	132260872	SNP-365-2	-	TGCCAGCTCTATTGAGCTAGNGG	chr5	132260609	132261109	chr5:132260609-132261109	.	enh
chr5	132260850	132260873	SNP-365-3	-	CTGCCAGCTCTATTGAGCTANGG	chr5	132260609	132261109	chr5:132260609-132261109	.	enh
chr5	132466559	132466582	SNP-368-1	-	GAAGCCGGCTAGCTTGAGAANGG	chr5	132466149	132467190	chr5:132466149-132467190	.	enh
chr5	132466463	132466486	SNP-368-2	-	CAGCCTGGAGCTCAAACGGTNGG	chr5	132466149	132467190	chr5:132466149-132467190	.	enh
chr5	132466565	132466588	SNP-368-3	+	TCAAGCTAGCCGGCTTCCCANGG	chr5	132466149	132467190	chr5:132466149-132467190	.	enh
chr5	142186977	142187000	SNP-369-1	-	GAGCGCCGGGTTATTTGTTANGG	chr5	142186606	142187422	chr5:142186606-142187422	.	enh
chr5	142186975	142186998	SNP-369-2	-	GCGCCGGGTTATTTGTTATGNGG	chr5	142186606	142187422	chr5:142186606-142187422	.	enh
chr5	142186976	142186999	SNP-369-3	-	AGCGCCGGGTTATTTGTTATNGG	chr5	142186606	142187422	chr5:142186606-142187422	.	enh
chr5	150122263	150122286	SNP-370-1	-	GGGGTGCTGTAATCGCCTCTNGG	chr5	150122100	150122600	chr5:150122100-150122600	.	enh
chr5	150122264	150122287	SNP-370-2	-	TGGGGTGCTGTAATCGCCTCNGG	chr5	150122100	150122600	chr5:150122100-150122600	.	enh
chr5	150122266	150122289	SNP-370-3	+	AGAGGCGATTACAGCACCCCNGG	chr5	150122100	150122600	chr5:150122100-150122600	.	enh
chr5	177390628	177390651	SNP-374-1	-	AGAGCAACACCCGCTATCTCNGG	chr5	177390358	177390920	chr5:177390358-177390920	.	enh
chr5	177390597	177390620	SNP-374-2	+	ACCAGGTGACCATAGCCACGNGG	chr5	177390358	177390920	chr5:177390358-177390920	.	enh
chr5	177390606	177390629	SNP-374-3	-	GAGTCGTCTCCACGTGGCTANGG	chr5	177390358	177390920	chr5:177390358-177390920	.	enh
chr6	107121302	107121325	SNP-376-1	-	TCTCTATCCGATATACCTCGNGG	chr6	107121225	107121725	chr6:107121225-107121725	.	enh
chr6	107121295	107121318	SNP-376-2	+	GAGGTGACCGCGAGGTATATNGG	chr6	107121225	107121725	chr6:107121225-107121725	.	enh
chr6	107121287	107121310	SNP-376-3	+	AGGTCATAGAGGTGACCGCGNGG	chr6	107121225	107121725	chr6:107121225-107121725	.	enh
chr6	109240624	109240647	SNP-377-1	-	AACCACCCAATTTAGCGTGCNGG	chr6	109239716	109240856	chr6:109239716-109240856	.	enh
chr6	109240618	109240641	SNP-377-2	+	TGGTGACCTGCACGCTAAATNGG	chr6	109239716	109240856	chr6:109239716-109240856	.	enh
chr6	109240688	109240711	SNP-377-3	-	GGTGACGCAGAAATGCCCCTNGG	chr6	109239716	109240856	chr6:109239716-109240856	.	enh
chr6	135084906	135084929	SNP-378-1	+	GGGAACTCACCTCATGTAATNGG	chr6	135083933	135085371	chr6:135083933-135085371	.	enh
chr6	135084905	135084928	SNP-378-2	+	TGGGAACTCACCTCATGTAANGG	chr6	135083933	135085371	chr6:135083933-135085371	.	enh
chr6	135084907	135084930	SNP-378-3	+	GGAACTCACCTCATGTAATGNGG	chr6	135083933	135085371	chr6:135083933-135085371	.	enh
chr6	135094050	135094073	SNP-380-2	+	GAGGCTGCAAACCATTCTCGNGG	chr6	135093430	135094052	chr6:135093430-135094052	.	enh
chr6	135098590	135098613	SNP-381-1	+	GTCTCCTAAAGCATGATTACNGG	chr6	135098188	135098688	chr6:135098188-135098688	.	enh
chr6	135098585	135098608	SNP-381-2	-	AATCATGCTTTAGGAGACTGNGG	chr6	135098188	135098688	chr6:135098188-135098688	.	enh
chr6	135098594	135098617	SNP-381-3	-	CACACCTGTAATCATGCTTTNGG	chr6	135098188	135098688	chr6:135098188-135098688	.	enh
chr6	135105390	135105413	SNP-382-1	+	ACCAGTTTAGAAAGCGTGGCNGG	chr6	135105257	135105757	chr6:135105257-135105757	.	enh
chr6	135105391	135105414	SNP-382-2	-	CCCAGCCACGCTTTCTAAACNGG	chr6	135105257	135105757	chr6:135105257-135105757	.	enh
chr6	135105524	135105547	SNP-382-3	-	GCTGGGACACTCTTATCTGANGG	chr6	135105257	135105757	chr6:135105257-135105757	.	enh
chr6	135110397	135110420	SNP-383-1	-	AGAAGGAAGTCAGCGTGATCNGG	chr6	135110005	135110619	chr6:135110005-135110619	.	enh
chr6	135110495	135110518	SNP-383-2	+	CTGACATTTATCAACATGGTNGG	chr6	135110005	135110619	chr6:135110005-135110619	.	enh
chr6	135110351	135110374	SNP-383-3	-	CCTTCTTCAGTAACAGACAGNGG	chr6	135110005	135110619	chr6:135110005-135110619	.	enh
chr6	137874556	137874579	SNP-391-1	-	CCTAACTAGTTTAGGTGACCNGG	chr6	137874099	137874599	chr6:137874099-137874599	.	enh
chr6	137874556	137874579	SNP-391-2	+	CCAGGTCACCTAAACTAGTTNGG	chr6	137874099	137874599	chr6:137874099-137874599	.	enh
chr6	137874553	137874576	SNP-391-3	-	AACTAGTTTAGGTGACCTGGNGG	chr6	137874099	137874599	chr6:137874099-137874599	.	enh
chr6	139518290	139518313	SNP-396-1	+	GCACATGTGCACTTGCGCGCNGG	chr6	139517787	139519177	chr6:139517787-139519177	.	enh
chr6	139518242	139518265	SNP-396-2	-	ACCCCAGAGATATACAGTCCNGG	chr6	139517787	139519177	chr6:139517787-139519177	.	enh
chr6	139518239	139518262	SNP-396-3	+	TTTCCTGGACTGTATATCTCNGG	chr6	139517787	139519177	chr6:139517787-139519177	.	enh
chr6	159988855	159988878	SNP-399-1	-	TCTTAAGTACTTACTGCGGGNGG	chr6	159988847	159989586	chr6:159988847-159989586	.	enh
chr6	33577429	33577452	SNP-410-1	+	CAGTGGGTGAACCGAGGCGANGG	chr6	33577112	33577612	chr6:33577112-33577612	.	enh
chr6	33577423	33577446	SNP-410-2	+	CACCCACAGTGGGTGAACCGNGG	chr6	33577112	33577612	chr6:33577112-33577612	.	enh
chr6	33577425	33577448	SNP-410-3	-	CGCCTCGGTTCACCCACTGTNGG	chr6	33577112	33577612	chr6:33577112-33577612	.	enh
chr6	33578707	33578730	SNP-411-1	-	GAAACACTCGCCCTGATGAGNGG	chr6	33578556	33579056	chr6:33578556-33579056	.	enh
chr6	33578605	33578628	SNP-411-2	-	GGAGTACGAGGCAGGTTATGNGG	chr6	33578556	33579056	chr6:33578556-33579056	.	enh
chr6	33578708	33578731	SNP-411-3	-	GGAAACACTCGCCCTGATGANGG	chr6	33578556	33579056	chr6:33578556-33579056	.	enh
chr6	37059570	37059593	SNP-412-1	+	GATTATAACGCGTTCTGCACNGG	chr6	37059216	37060651	chr6:37059216-37060651	.	enh
chr6	37059569	37059592	SNP-412-2	+	TGATTATAACGCGTTCTGCANGG	chr6	37059216	37060651	chr6:37059216-37060651	.	enh
chr6	37059527	37059550	SNP-412-3	+	CAACAACACCCGGGGATCAANGG	chr6	37059216	37060651	chr6:37059216-37060651	.	enh
chr6	41957539	41957562	SNP-417-1	+	GAAGGATCAATGTCGCTTAANGG	chr6	41956985	41957645	chr6:41956985-41957645	.	enh
chr6	41957481	41957504	SNP-417-2	+	ATCTGTTCCATGAAGCTCGCNGG	chr6	41956985	41957645	chr6:41956985-41957645	.	enh
chr6	41957536	41957559	SNP-417-3	-	TTAAGCGACATTGATCCTTCNGG	chr6	41956985	41957645	chr6:41956985-41957645	.	enh
chr6	42230022	42230045	SNP-420-1	+	CCCAGGTGTGAGACTGTTTANGG	chr6	42229413	42230186	chr6:42229413-42230186	.	enh
chr6	42230022	42230045	SNP-420-2	-	CCATAAACAGTCTCACACCTNGG	chr6	42229413	42230186	chr6:42229413-42230186	.	enh
chr6	42230023	42230046	SNP-420-3	-	TCCATAAACAGTCTCACACCNGG	chr6	42229413	42230186	chr6:42229413-42230186	.	enh
chr6	7137077	7137100	SNP-429-1	+	GCGACGGGAGTGCCTCAACANGG	chr6	7136869	7137369	chr6:7136869-7137369	.	enh
chr6	7137078	7137101	SNP-429-2	+	CGACGGGAGTGCCTCAACATNGG	chr6	7136869	7137369	chr6:7136869-7137369	.	enh
chr6	7137118	7137141	SNP-429-3	-	GGATGTGACGAATTAGCTCTNGG	chr6	7136869	7137369	chr6:7136869-7137369	.	enh
chr6	7140625	7140648	SNP-430-1	+	TCCTGCCCCTCCGATCCAATNGG	chr6	7140438	7141565	chr6:7140438-7141565	.	enh
chr6	7140632	7140655	SNP-430-2	-	CTTCAAACCTATTGGATCGGNGG	chr6	7140438	7141565	chr6:7140438-7141565	.	enh
chr6	7140677	7140700	SNP-430-3	-	CCGAACCCGCTGTCCAGCTANGG	chr6	7140438	7141565	chr6:7140438-7141565	.	enh
chr6	7145025	7145048	SNP-432-1	+	TTCTTCGTCTCACCGTGTAGNGG	chr6	7144883	7145383	chr6:7144883-7145383	.	enh
chr6	7145026	7145049	SNP-432-2	+	TCTTCGTCTCACCGTGTAGANGG	chr6	7144883	7145383	chr6:7144883-7145383	.	enh
chr6	7145027	7145050	SNP-432-3	+	CTTCGTCTCACCGTGTAGAGNGG	chr6	7144883	7145383	chr6:7144883-7145383	.	enh
chr7	100624192	100624215	SNP-433-1	-	GTGGTGTTATCGATCAACTGNGG	chr7	100624022	100624813	chr7:100624022-100624813	.	enh
chr7	100624190	100624213	SNP-433-2	-	GGTGTTATCGATCAACTGTGNGG	chr7	100624022	100624813	chr7:100624022-100624813	.	enh
chr7	100624313	100624336	SNP-433-3	-	GAGAGACCAGAATTCGGGTGNGG	chr7	100624022	100624813	chr7:100624022-100624813	.	enh
chr7	100626862	100626885	SNP-434-1	-	CAGTGGGTGTACTCGGCGCGNGG	chr7	100626409	100626992	chr7:100626409-100626992	.	enh
chr7	100626863	100626886	SNP-434-2	-	GCAGTGGGTGTACTCGGCGCNGG	chr7	100626409	100626992	chr7:100626409-100626992	.	enh
chr7	100626864	100626887	SNP-434-3	-	TGCAGTGGGTGTACTCGGCGNGG	chr7	100626409	100626992	chr7:100626409-100626992	.	enh
chr7	100642726	100642749	SNP-437-1	-	GCGTAGGCCTTAGGTCTCAGNGG	chr7	100639835	100643018	chr7:100639835-100643018	.	enh
chr7	100642731	100642754	SNP-437-2	+	GAGACCTAAGGCCTACGCTGNGG	chr7	100639835	100643018	chr7:100639835-100643018	.	enh
chr7	100642727	100642750	SNP-437-3	-	AGCGTAGGCCTTAGGTCTCANGG	chr7	100639835	100643018	chr7:100639835-100643018	.	enh
chr7	101856728	101856751	SNP-439-1	-	AACTCCTCGTGAAAGTCGGGNGG	chr7	101855848	101857726	chr7:101855848-101857726	.	enh
chr7	101856724	101856747	SNP-439-2	+	AAACCCTCCCGACTTTCACGNGG	chr7	101855848	101857726	chr7:101855848-101857726	.	enh
chr7	101856523	101856546	SNP-439-3	-	GGGAACGCATGACACGCTGANGG	chr7	101855848	101857726	chr7:101855848-101857726	.	enh
chr7	113142579	113142602	SNP-441-1	+	ACACCACTAACAGAAAATCGNGG	chr7	113142050	113143064	chr7:113142050-113143064	.	enh
chr7	113142554	113142577	SNP-441-2	+	TAGAGGGACTGACTAGACCANGG	chr7	113142050	113143064	chr7:113142050-113143064	.	enh
chr7	113142507	113142530	SNP-441-3	-	ATGAGGAAGTGGGATTAGGTNGG	chr7	113142050	113143064	chr7:113142050-113143064	.	enh
chr7	139095640	139095663	SNP-442-1	-	GTAGGGTATGTGCGGATTCTNGG	chr7	139095163	139095663	chr7:139095163-139095663	.	enh
chr7	139095657	139095680	SNP-442-2	-	CCACTCTTGGTACAACTGTANGG	chr7	139095163	139095663	chr7:139095163-139095663	.	enh
chr7	139095633	139095656	SNP-442-3	-	ATGTGCGGATTCTTGGCCTCNGG	chr7	139095163	139095663	chr7:139095163-139095663	.	enh
chr7	139104083	139104106	SNP-444-1	+	GAACACTTATTTATCCCAGGNGG	chr7	139103971	139104471	chr7:139103971-139104471	.	enh
chr7	139104098	139104121	SNP-444-2	-	AAAAGTTATAACTCACCTCCNGG	chr7	139103971	139104471	chr7:139103971-139104471	.	enh
chr7	139104080	139104103	SNP-444-3	+	TGTGAACACTTATTTATCCCNGG	chr7	139103971	139104471	chr7:139103971-139104471	.	enh
chr7	140175506	140175529	SNP-445-1	+	CTTCAACTAAAGGTGACCGCNGG	chr7	140175064	140176336	chr7:140175064-140176336	.	enh
chr7	140175496	140175519	SNP-445-2	+	GGGAAACCGGCTTCAACTAANGG	chr7	140175064	140176336	chr7:140175064-140176336	.	enh
chr7	140175494	140175517	SNP-445-3	-	TTTAGTTGAAGCCGGTTTCCNGG	chr7	140175064	140176336	chr7:140175064-140176336	.	enh
chr7	13987916	13987939	SNP-448-2	-	CATAATGCGGCAGTTTGCATNGG	chr7	13987913	13988489	chr7:13987913-13988489	.	enh
chr7	13987917	13987940	SNP-448-3	-	ACATAATGCGGCAGTTTGCANGG	chr7	13987913	13988489	chr7:13987913-13988489	.	enh
chr7	22695145	22695168	SNP-452-1	-	AAGCAGAAGATCCATCGCTGNGG	chr7	22694795	22695295	chr7:22694795-22695295	.	enh
chr7	22695390	22695413	SNP-452-2	+	AAGCATTGTCCGTTGTCTTCNGG	chr7	22695361	22696153	chr7:22695361-22696153	.	enh
chr7	22695210	22695233	SNP-452-3	+	CCATATGAAATGTATCCTCCNGG	chr7	22694795	22695295	chr7:22694795-22695295	.	enh
chr7	22700773	22700796	SNP-453-1	-	AAGTATCACTGGCGATGCTANGG	chr7	22700447	22701142	chr7:22700447-22701142	.	enh
chr7	22700848	22700871	SNP-453-2	-	AACTGTAGCACTCTCCAACTNGG	chr7	22700447	22701142	chr7:22700447-22701142	.	enh
chr7	22700784	22700807	SNP-453-3	-	CTTACATGCTGAAGTATCACNGG	chr7	22700447	22701142	chr7:22700447-22701142	.	enh
chr7	22703170	22703193	SNP-454-1	-	GCCCATCCAGCCTGAAGGTTNGG	chr7	22703001	22704410	chr7:22703001-22704410	.	enh
chr7	22703169	22703192	SNP-454-2	+	GCCTAACCTTCAGGCTGGATNGG	chr7	22703001	22704410	chr7:22703001-22704410	.	enh
chr7	22703160	22703183	SNP-454-3	+	GAAATAAAAGCCTAACCTTCNGG	chr7	22703001	22704410	chr7:22703001-22704410	.	enh
chr7	37342910	37342933	SNP-455-1	-	TCAGGAGCCCATTGTACCGTNGG	chr7	37342508	37343083	chr7:37342508-37343083	.	enh
chr7	37342731	37342754	SNP-455-2	-	CGTGTGGCCGTTTACGCTGTNGG	chr7	37342508	37343083	chr7:37342508-37343083	.	enh
chr7	37342903	37342926	SNP-455-3	+	GGCACAGCCAACGGTACAATNGG	chr7	37342508	37343083	chr7:37342508-37343083	.	enh
chr7	50267225	50267248	SNP-456-2	-	GTGGGGCATTGCTACCAGAANGG	chr7	50266727	50267227	chr7:50266727-50267227	.	enh
chr7	50267135	50267158	SNP-456-3	+	TACATTGCTCAACTGGAACTNGG	chr7	50266727	50267227	chr7:50266727-50267227	.	enh
chr7	50360342	50360365	SNP-457-1	+	TCTTCAGTTGATCGCTTAGGNGG	chr7	50359669	50360985	chr7:50359669-50360985	.	enh
chr7	50360349	50360372	SNP-457-2	+	TTGATCGCTTAGGTGGACAANGG	chr7	50359669	50360985	chr7:50359669-50360985	.	enh
chr7	50360333	50360356	SNP-457-3	-	CGATCAACTGAAGAGAACTCNGG	chr7	50359669	50360985	chr7:50359669-50360985	.	enh
chr7	93006589	93006612	SNP-460-1	+	ACAATAGACAAGGCGCAACANGG	chr7	93006462	93006962	chr7:93006462-93006962	.	enh
chr7	93006713	93006736	SNP-460-2	-	TTCACCAGTCGCCTTGCTTANGG	chr7	93006462	93006962	chr7:93006462-93006962	.	enh
chr7	93006743	93006766	SNP-460-3	+	CGTGCATACAGAGCACTAAGNGG	chr7	93006462	93006962	chr7:93006462-93006962	.	enh
chr7	93053187	93053210	SNP-461-1	-	CACAGTATTTGTTAGCATAGNGG	chr7	93052779	93055025	chr7:93052779-93055025	.	enh
chr7	93053194	93053217	SNP-461-2	+	GCTAACAAATACTGTGCAGCNGG	chr7	93052779	93055025	chr7:93052779-93055025	.	enh
chr7	93053414	93053437	SNP-461-3	+	AGTGGTTACCACCTGGAGAGNGG	chr7	93052779	93055025	chr7:93052779-93055025	.	enh
chr8	129592295	129592318	SNP-466-1	+	CAACACCCGACTCTTGTGCANGG	chr8	129591301	129592823	chr8:129591301-129592823	.	enh
chr8	129592301	129592324	SNP-466-2	-	CCCGAGCCTTGCACAAGAGTNGG	chr8	129591301	129592823	chr8:129591301-129592823	.	enh
chr8	129592289	129592312	SNP-466-3	-	ACAAGAGTCGGGTGTTGATTNGG	chr8	129591301	129592823	chr8:129591301-129592823	.	enh
chr8	21922469	21922492	SNP-471-1	+	GTGGTTACAAAGCTTTGCGTNGG	chr8	21921954	21922705	chr8:21921954-21922705	.	enh
chr8	21922393	21922416	SNP-471-2	+	AAGCAGCTCCTCGATGTGATNGG	chr8	21921954	21922705	chr8:21921954-21922705	.	enh
chr8	21922468	21922491	SNP-471-3	+	GGTGGTTACAAAGCTTTGCGNGG	chr8	21921954	21922705	chr8:21921954-21922705	.	enh
chr8	26385693	26385716	SNP-473-1	-	TCAGCCAAGCAGGAACCGACNGG	chr8	26385381	26385950	chr8:26385381-26385950	.	enh
chr8	26385689	26385712	SNP-473-2	+	TTGGCCAGTCGGTTCCTGCTNGG	chr8	26385381	26385950	chr8:26385381-26385950	.	enh
chr8	26385654	26385677	SNP-473-3	+	TGGTGTCTGACAGACCTATGNGG	chr8	26385381	26385950	chr8:26385381-26385950	.	enh
chr8	26391367	26391390	SNP-474-1	+	TTGGATGCACAACATGAATCNGG	chr8	26390799	26391464	chr8:26390799-26391464	.	enh
chr8	26391454	26391477	SNP-474-3	+	TCAGGAAACAGGTGGGTTACNGG	chr8	26390799	26391464	chr8:26390799-26391464	.	enh
chr8	27350572	27350595	SNP-477-2	+	GAGCCTCCTGTTAATAAGTGNGG	chr8	27349741	27350585	chr8:27349741-27350585	.	enh
chr8	27350536	27350559	SNP-477-3	+	TTCTCCAGTCCCGTGACTTCNGG	chr8	27349741	27350585	chr8:27349741-27350585	.	enh
chr8	27362422	27362445	SNP-479-1	+	GTTTCTAAAGTCGTTGACCTNGG	chr8	27361597	27362842	chr8:27361597-27362842	.	enh
chr8	27362423	27362446	SNP-479-2	+	TTTCTAAAGTCGTTGACCTANGG	chr8	27361597	27362842	chr8:27361597-27362842	.	enh
chr8	27362561	27362584	SNP-479-3	-	TTGCTTTGCTAAAGGCCCACNGG	chr8	27361597	27362842	chr8:27361597-27362842	.	enh
chr8	41772951	41772974	SNP-483-1	+	CCACCAGGAGCATCGCTGTTNGG	chr8	41772263	41773163	chr8:41772263-41773163	.	enh
chr8	41772871	41772894	SNP-483-2	+	ACTCCACCCTTTACCGAGAANGG	chr8	41772263	41773163	chr8:41772263-41773163	.	enh
chr8	41772952	41772975	SNP-483-3	+	CACCAGGAGCATCGCTGTTGNGG	chr8	41772263	41773163	chr8:41772263-41773163	.	enh
chr8	89983228	89983251	SNP-487-2	-	ATAATATTGTGATTGTTGCTNGG	chr8	89983103	89984907	chr8:89983103-89984907	.	enh
chr8	89983234	89983257	SNP-487-3	+	AACAATCACAATATTATGTTNGG	chr8	89983103	89984907	chr8:89983103-89984907	.	enh
chr9	98020532	98020555	SNP-490-1	+	TCTGAGTCGATAAGCATGACNGG	chr9	98020372	98020872	chr9:98020372-98020872	.	enh
chr9	98020525	98020548	SNP-490-2	-	TGCTTATCGACTCAGAGAGTNGG	chr9	98020372	98020872	chr9:98020372-98020872	.	enh
chr9	98020537	98020560	SNP-490-3	+	GTCGATAAGCATGACAGGGCNGG	chr9	98020372	98020872	chr9:98020372-98020872	.	enh
chr9	111901108	111901131	SNP-493-1	-	AGAGATAGCATATTTGGGTTNGG	chr9	111900846	111901644	chr9:111900846-111901644	.	enh
chr9	111901113	111901136	SNP-493-2	-	ACATTAGAGATAGCATATTTNGG	chr9	111900846	111901644	chr9:111900846-111901644	.	enh
chr9	111901109	111901132	SNP-493-3	-	TAGAGATAGCATATTTGGGTNGG	chr9	111900846	111901644	chr9:111900846-111901644	.	enh
chr9	127919736	127919759	SNP-496-1	+	GCAAGGTCACCCAGACGACTNGG	chr9	127919216	127919965	chr9:127919216-127919965	.	enh
chr9	127919604	127919627	SNP-496-2	-	GATGGGCCAGGGAAACTCGGNGG	chr9	127919216	127919965	chr9:127919216-127919965	.	enh
chr9	127919628	127919651	SNP-496-3	-	TGTCACGCCCATCACTCAGGNGG	chr9	127919216	127919965	chr9:127919216-127919965	.	enh
chr9	133004050	133004073	SNP-498-1	+	TGGCTCGTGGGATGTCTACGNGG	chr9	133003651	133004673	chr9:133003651-133004673	.	enh
chr9	133004178	133004201	SNP-498-2	+	CTGGAAACCGTCACGGTTAANGG	chr9	133003651	133004673	chr9:133003651-133004673	.	enh
chr9	133004177	133004200	SNP-498-3	+	GCTGGAAACCGTCACGGTTANGG	chr9	133003651	133004673	chr9:133003651-133004673	.	enh
chr9	133014748	133014771	SNP-499-1	+	CAATCCGCTACACCACCAAANGG	chr9	133013832	133015142	chr9:133013832-133015142	.	enh
chr9	133014752	133014775	SNP-499-2	-	ATGGCCATTTGGTGGTGTAGNGG	chr9	133013832	133015142	chr9:133013832-133015142	.	enh
chr9	133014760	133014783	SNP-499-3	-	TCCTACTGATGGCCATTTGGNGG	chr9	133013832	133015142	chr9:133013832-133015142	.	enh
chr9	4763102	4763125	SNP-501-1	+	AATATGTCATTTCGCGAGGGNGG	chr9	4762478	4763712	chr9:4762478-4763712	.	enh
chr9	4763099	4763122	SNP-501-2	+	ATGAATATGTCATTTCGCGANGG	chr9	4762478	4763712	chr9:4762478-4763712	.	enh
chr9	4763154	4763177	SNP-501-3	-	GACATTTAACAACCCGTAAANGG	chr9	4762478	4763712	chr9:4762478-4763712	.	enh
chr9	4811464	4811487	SNP-502-1	-	GTTGATCCCATAGCAAGTAGNGG	chr9	4811212	4811836	chr9:4811212-4811836	.	enh
chr9	4811457	4811480	SNP-502-2	+	ATTCTATCCTCTACTTGCTANGG	chr9	4811212	4811836	chr9:4811212-4811836	.	enh
chr9	4811490	4811513	SNP-502-3	+	TTTAGCTTCCACAAGATATGNGG	chr9	4811212	4811836	chr9:4811212-4811836	.	enh
chr9	4832502	4832525	SNP-503-1	-	AGAACCCTACTCATTCTTATNGG	chr9	4831624	4832539	chr9:4831624-4832539	.	enh
chr9	4832507	4832530	SNP-503-2	+	AAGAATGAGTAGGGTTCTCCNGG	chr9	4831624	4832539	chr9:4831624-4832539	.	enh
chr9	4832511	4832534	SNP-503-3	+	ATGAGTAGGGTTCTCCAGGCNGG	chr9	4831624	4832539	chr9:4831624-4832539	.	enh
chr9	4849569	4849592	SNP-505-1	-	TTACACTGGACAGAATAACGNGG	chr9	4849416	4849916	chr9:4849416-4849916	.	enh
chr9	4849680	4849703	SNP-505-2	+	AGCAGTTGTCACTCTTAACCNGG	chr9	4849416	4849916	chr9:4849416-4849916	.	enh
chr9	4849637	4849660	SNP-505-3	-	CAAGCAGGTGTTCATAGTGCNGG	chr9	4849416	4849916	chr9:4849416-4849916	.	enh
chr9	4852523	4852546	SNP-506-1	+	AGGCTCTACCACGCGCTACCNGG	chr9	4852343	4852926	chr9:4852343-4852926	.	enh
chr9	4852531	4852554	SNP-506-2	-	CACGGTCTCCTGGTAGCGCGNGG	chr9	4852343	4852926	chr9:4852343-4852926	.	enh
chr9	4852671	4852694	SNP-506-3	-	AGCTCCTCAGGCACGTTGCCNGG	chr9	4852343	4852926	chr9:4852343-4852926	.	enh
chr9	4855737	4855760	SNP-507-1	-	CTGTGTAAGAGACTAGATTANGG	chr9	4855734	4856234	chr9:4855734-4856234	.	enh
chr9	4855853	4855876	SNP-507-2	-	GGCCTGTGTATTTGCAAGTTNGG	chr9	4855734	4856234	chr9:4855734-4856234	.	enh
chr9	4855851	4855874	SNP-507-3	+	CCCCAAACTTGCAAATACACNGG	chr9	4855734	4856234	chr9:4855734-4856234	.	enh
chr15	44711539	44711562	B2M-TSS1-1	+	GGCCGAGATGTCTCGCTCCGNGG	chr15	44710081	44713167	ENSG00000166710	.	TSSCtrl
chr15	44711562	44711585	B2M-TSS1-2	-	GAGTAGCGCGAGCACAGCTANGG	chr15	44710081	44713167	ENSG00000166710	.	TSSCtrl
chr15	44711541	44711564	B2M-TSS1-3	-	GGCCACGGAGCGAGACATCTNGG	chr15	44710081	44713167	ENSG00000166710	.	TSSCtrl
chr20	46118324	46118347	CD40-TSS1-1	+	CGCCTGGTCTCACCTCGCTANGG	chr20	46117510	46118502	ENSG00000101017	.	TSSCtrl
chr20	46118326	46118349	CD40-TSS1-2	-	AACCATAGCGAGGTGAGACCNGG	chr20	46117510	46118502	ENSG00000101017	.	TSSCtrl
chr20	46118323	46118346	CD40-TSS1-3	-	CATAGCGAGGTGAGACCAGGNGG	chr20	46117510	46118502	ENSG00000101017	.	TSSCtrl
chr11	35138928	35138951	CD44-TSS1-1	-	GGGGAACCTGGAGTGTCGCGNGG	chr11	35138593	35139329	ENSG00000026508	.	TSSCtrl
chr11	35138871	35138894	CD44-TSS1-2	+	GAAGAAAGCCAGTGCGTCTCNGG	chr11	35138593	35139329	ENSG00000026508	.	TSSCtrl
chr11	35138929	35138952	CD44-TSS1-3	-	CGGGGAACCTGGAGTGTCGCNGG	chr11	35138593	35139329	ENSG00000026508	.	TSSCtrl
chr1	26317989	26318012	CD52-TSS1-1	-	TAGGATCTTCGTGGCTGTCTNGG	chr1	26317635	26318135	ENSG00000169442	.	TSSCtrl
chr1	26317955	26317978	CD52-TSS1-2	-	TAGGTGATCTCAGGGCTGTCNGG	chr1	26317635	26318135	ENSG00000169442	.	TSSCtrl
chr1	26317952	26317975	CD52-TSS1-3	-	GTGATCTCAGGGCTGTCTGGNGG	chr1	26317635	26318135	ENSG00000169442	.	TSSCtrl
chr1	116571024	116571047	CD58-TSS1-1	+	TCAAGCACCGCCTACGCGGTNGG	chr1	116570804	116571735	ENSG00000116815	.	TSSCtrl
chr1	116571034	116571057	CD58-TSS1-2	-	CTACTTCTGGCCGACCGCGTNGG	chr1	116570804	116571735	ENSG00000116815	.	TSSCtrl
chr1	116571031	116571054	CD58-TSS1-3	-	CTTCTGGCCGACCGCGTAGGNGG	chr1	116570804	116571735	ENSG00000116815	.	TSSCtrl
chr12	9760837	9760860	CD69-TSS1-1	-	GACTTGACCTGAGATTAACTNGG	chr12	9760685	9761185	ENSG00000110848	.	TSSCtrl
chr12	9760836	9760859	CD69-TSS1-2	-	ACTTGACCTGAGATTAACTANGG	chr12	9760685	9761185	ENSG00000110848	.	TSSCtrl
chr12	9760862	9760885	CD69-TSS1-3	+	GCTACAGTGAAAGTCTTTGCNGG	chr12	9760685	9761185	ENSG00000110848	.	TSSCtrl
chr11	44565660	44565683	CD82-TSS1-1	+	GTGCAGTCCGACGCCGACTGNGG	chr11	44564150	44565906	ENSG00000085117	.	TSSCtrl
chr11	44565667	44565690	CD82-TSS1-2	-	GCTCGTGCCTCAGTCGGCGTNGG	chr11	44564150	44565906	ENSG00000085117	.	TSSCtrl
chr11	44565635	44565658	CD82-TSS1-3	-	CCCGGGGCTCAGTCACTCCTNGG	chr11	44564150	44565906	ENSG00000085117	.	TSSCtrl
chr6	14117643	14117666	CD83-TSS2-1	-	TCCTAGTCCCGCTTAGGCCGNGG	chr6	14116948	14118250	ENSG00000112149	.	TSSCtrl
chr6	14117645	14117668	CD83-TSS2-2	-	CCTCCTAGTCCCGCTTAGGCNGG	chr6	14116948	14118250	ENSG00000112149	.	TSSCtrl
chr6	14117645	14117668	CD83-TSS2-3	+	CCGGCCTAAGCGGGACTAGGNGG	chr6	14116948	14118250	ENSG00000112149	.	TSSCtrl
chr10	95755701	95755724	ENTPD1-TSS2-1	+	GACCAGAGGCTTTATGGGGANGG	chr10	95755390	95755890	ENSG00000138185	.	TSSCtrl
chr10	95755700	95755723	ENTPD1-TSS2-2	+	GGACCAGAGGCTTTATGGGGNGG	chr10	95755390	95755890	ENSG00000138185	.	TSSCtrl
chr10	95755697	95755720	ENTPD1-TSS2-3	+	ATGGGACCAGAGGCTTTATGNGG	chr10	95755390	95755890	ENSG00000138185	.	TSSCtrl
chr2	47369197	47369220	EPCAM-TSS1-1	-	CTCGTTGATGAGTCACCGCCNGG	chr2	47368737	47370249	ENSG00000119888	.	TSSCtrl
chr2	47369196	47369219	EPCAM-TSS1-2	-	TCGTTGATGAGTCACCGCCCNGG	chr2	47368737	47370249	ENSG00000119888	.	TSSCtrl
chr2	47369189	47369212	EPCAM-TSS1-3	-	TGAGTCACCGCCCGGGAGTTNGG	chr2	47368737	47370249	ENSG00000119888	.	TSSCtrl
chr1	161505440	161505463	FCGR2A-TSS1-1	-	GCACTGTGCCAACGTCCAGTNGG	chr1	161504956	161507251	ENSG00000143226	.	TSSCtrl
chr1	161505432	161505455	FCGR2A-TSS1-2	+	TCTTAAAACCCACTGGACGTNGG	chr1	161504956	161507251	ENSG00000143226	.	TSSCtrl
chr1	161505441	161505464	FCGR2A-TSS1-3	-	AGCACTGTGCCAACGTCCAGNGG	chr1	161504956	161507251	ENSG00000143226	.	TSSCtrl
chr9	132978764	132978787	GFI1B-TSS2-1	-	TGCAAAGCCTCTCTCGGGACNGG	chr9	132978368	132979305	ENSG00000165702	.	TSSCtrl
chr9	132978787	132978810	GFI1B-TSS2-2	+	GTTCCCACCTCGGGAAGCTCNGG	chr9	132978368	132979305	ENSG00000165702	.	TSSCtrl
chr9	132978757	132978780	GFI1B-TSS2-3	+	GTGGAGGCCAGTCCCGAGAGNGG	chr9	132978368	132979305	ENSG00000165702	.	TSSCtrl
chr19	10270910	10270933	ICAM1-TSS1-1	-	AAGCTAAAGCAATCGGGCGGNGG	chr19	10269286	10271948	ENSG00000090339	.	TSSCtrl
chr19	10270907	10270930	ICAM1-TSS1-2	-	CTAAAGCAATCGGGCGGCGGNGG	chr19	10269286	10271948	ENSG00000090339	.	TSSCtrl
chr19	10270913	10270936	ICAM1-TSS1-3	-	TCCAAGCTAAAGCAATCGGGNGG	chr19	10269286	10271948	ENSG00000090339	.	TSSCtrl
chr16	27427284	27427307	IL21R-TSS2-1	+	TTTGGGAAGAGACGCCGGGCNGG	chr16	27426958	27427458	ENSG00000103522	.	TSSCtrl
chr16	27427256	27427279	IL21R-TSS2-2	+	ACTAGAGGCAGCTCAGATAGNGG	chr16	27426958	27427458	ENSG00000103522	.	TSSCtrl
chr16	27427280	27427303	IL21R-TSS2-3	+	GCTCTTTGGGAAGAGACGCCNGG	chr16	27426958	27427458	ENSG00000103522	.	TSSCtrl
chr10	32958341	32958364	ITGB1-TSS3-1	-	TCAGACGCGCAGAGGAGGCGNGG	chr10	32957194	32959073	ENSG00000150093	.	TSSCtrl
chr10	32958342	32958365	ITGB1-TSS3-2	-	ATCAGACGCGCAGAGGAGGCNGG	chr10	32957194	32959073	ENSG00000150093	.	TSSCtrl
chr12	8950074	8950097	KLRG1-TSS1-1	-	CTCAGGCGGCGAACGGGCTANGG	chr12	8948514	8950826	ENSG00000139187	.	TSSCtrl
chr12	8950080	8950103	KLRG1-TSS1-2	-	GTCCCTCTCAGGCGGCGAACNGG	chr12	8948514	8950826	ENSG00000139187	.	TSSCtrl
chr12	8950077	8950100	KLRG1-TSS1-3	+	TAGCCCGTTCGCCGCCTGAGNGG	chr12	8948514	8950826	ENSG00000139187	.	TSSCtrl
chr14	55129290	55129313	LGALS3-TSS1-1	-	CCGCGCAGCTCACCGCTCGTNGG	chr14	55128793	55129462	ENSG00000131981	.	TSSCtrl
chr14	55129291	55129314	LGALS3-TSS1-2	+	CAACGAGCGGTGAGCTGCGCNGG	chr14	55128793	55129462	ENSG00000131981	.	TSSCtrl
chr14	55129276	55129299	LGALS3-TSS1-3	-	GCTCGTTGGCTGGCTCCGGANGG	chr14	55128793	55129462	ENSG00000131981	.	TSSCtrl
chr19	44846148	44846171	NECTIN2-TSS1-1	+	AGGGGCGACCTTAGAATCCTNGG	chr19	44845458	44846552	ENSG00000130202	.	TSSCtrl
chr19	44846149	44846172	NECTIN2-TSS1-2	+	GGGGCGACCTTAGAATCCTGNGG	chr19	44845458	44846552	ENSG00000130202	.	TSSCtrl
chr19	44846176	44846199	NECTIN2-TSS1-3	+	GCGAGAATGGAATCCCGGGGNGG	chr19	44845458	44846552	ENSG00000130202	.	TSSCtrl
chr11	62856065	62856088	SLC3A2-TSS1-1	+	AAGGCGCGCATGCGTCCTACNGG	chr11	62854563	62856670	ENSG00000168003	.	TSSCtrl
chr11	62856042	62856065	SLC3A2-TSS1-2	-	TTTCGCGCCGCAAGTTCAGGNGG	chr11	62854563	62856670	ENSG00000168003	.	TSSCtrl
chr11	62856080	62856103	SLC3A2-TSS1-3	-	GTGAGCCAGCACGCTCCCGTNGG	chr11	62854563	62856670	ENSG00000168003	.	TSSCtrl
chr11	62880900	62880923	SLC3A2-TSS2-1	+	CAGTAGCCGAAACTGCGCGGNGG	chr11	62880156	62881914	ENSG00000168003	.	TSSCtrl
chr11	62880906	62880929	SLC3A2-TSS2-2	-	TCTGTGCCTCCGCGCAGTTTNGG	chr11	62880156	62881914	ENSG00000168003	.	TSSCtrl
chr11	62880935	62880958	SLC3A2-TSS2-3	+	GGAGAGCGTTCTGGGTCCGANGG	chr11	62880156	62881914	ENSG00000168003	.	TSSCtrl
chr3	196082065	196082088	TFRC-TSS1-1	-	AGCGTCGGGATATCGGGTGGNGG	chr3	196079915	196083091	ENSG00000072274	.	TSSCtrl
chr3	196082060	196082083	TFRC-TSS1-2	-	CGGGATATCGGGTGGCGGCTNGG	chr3	196079915	196083091	ENSG00000072274	.	TSSCtrl
chr3	196082032	196082055	TFRC-TSS1-3	-	AGGACGCGCTAGTGTGAGTGNGG	chr3	196079915	196083091	ENSG00000072274	.	TSSCtrl
chr3	196082103	196082126	TFRC-TSS2-1	-	GGCTATAAACCGCCGGTTAGNGG	chr3	196079915	196083091	ENSG00000072274	.	TSSCtrl
chr3	196082105	196082128	TFRC-TSS2-2	-	CAGGCTATAAACCGCCGGTTNGG	chr3	196079915	196083091	ENSG00000072274	.	TSSCtrl
chr3	196082104	196082127	TFRC-TSS2-3	-	AGGCTATAAACCGCCGGTTANGG	chr3	196079915	196083091	ENSG00000072274	.	TSSCtrl
chr1	2556383	2556406	TNFRSF14-TSS1-1	-	AGCTGTCCAGGCAAAGCCGANGG	chr1	2555847	2556825	ENSG00000157873	.	TSSCtrl
chr1	2556382	2556405	TNFRSF14-TSS1-2	-	GCTGTCCAGGCAAAGCCGAGNGG	chr1	2555847	2556825	ENSG00000157873	.	TSSCtrl
chr1	2556384	2556407	TNFRSF14-TSS1-3	-	GAGCTGTCCAGGCAAAGCCGNGG	chr1	2555847	2556825	ENSG00000157873	.	TSSCtrl
chr1	12063423	12063446	TNFRSF8-TSS1-1	+	AGTGACTTCGCGGCGTGCGTNGG	chr1	12062843	12064910	ENSG00000120949	.	TSSCtrl
chr1	12063424	12063447	TNFRSF8-TSS1-2	+	GTGACTTCGCGGCGTGCGTTNGG	chr1	12062843	12064910	ENSG00000120949	.	TSSCtrl
chr1	12063438	12063461	TNFRSF8-TSS1-3	+	TGCGTTGGGTGCGGACTAGGNGG	chr1	12062843	12064910	ENSG00000120949	.	TSSCtrl
chr13	108269666	108269689	TNFSF13B-TSS1-1	+	AGATTGAGCAATCCAATCGGNGG	chr13	108269634	108270324	ENSG00000102524	.	TSSCtrl
chr13	108269667	108269690	TNFSF13B-TSS1-2	+	GATTGAGCAATCCAATCGGANGG	chr13	108269634	108270324	ENSG00000102524	.	TSSCtrl
chr13	108269678	108269701	TNFSF13B-TSS1-3	-	GCTGGCATTTACCCTCCGATNGG	chr13	108269634	108270324	ENSG00000102524	.	TSSCtrl
chr19	6531041	6531064	TNFSF9-TSS1-1	+	ATACGCCTCTGACGCTTCACNGG	chr19	6530161	6531703	ENSG00000125657	.	TSSCtrl
chr19	6531017	6531040	TNFSF9-TSS1-2	+	CTTCCCGCAGTCTCTCGTCANGG	chr19	6530161	6531703	ENSG00000125657	.	TSSCtrl
chr19	6531046	6531069	TNFSF9-TSS1-3	-	GGGGTCCAGTGAAGCGTCAGNGG	chr19	6530161	6531703	ENSG00000125657	.	TSSCtrl
chr1	207321493	207321516	CD55-MOI-1	+	TCCCCACTCTCCCCGAGTCTNGG	chr1	207320644	207322526	ENSG00000196352	.	TSSCtrl
chr1	207321701	207321724	CD55-MOI-2	+	CGCTGGGCGTAGCTGCGACTNGG	chr1	207320644	207322526	ENSG00000196352	.	TSSCtrl
chr1	207321704	207321727	CD55-MOI-3	+	TGGGCGTAGCTGCGACTCGGNGG	chr1	207320644	207322526	ENSG00000196352	.	TSSCtrl
chr1	207321736	207321759	CD55-MOI-4	+	GGCGCGTCCTTGTTCTAACCNGG	chr1	207320644	207322526	ENSG00000196352	.	TSSCtrl
chr1	207321494	207321517	CD55-MOI-5	+	CCCCACTCTCCCCGAGTCTANGG	chr1	207320644	207322526	ENSG00000196352	.	TSSCtrl
chr1	207321491	207321514	CD55-MOI-6	-	TAGACTCGGGGAGAGTGGGGNGG	chr1	207320644	207322526	ENSG00000196352	.	TSSCtrl
chr1	207321494	207321517	CD55-MOI-7	-	CCCTAGACTCGGGGAGAGTGNGG	chr1	207320644	207322526	ENSG00000196352	.	TSSCtrl
chr1	207321495	207321518	CD55-MOI-8	-	GCCCTAGACTCGGGGAGAGTNGG	chr1	207320644	207322526	ENSG00000196352	.	TSSCtrl
chr1	207321496	207321519	CD55-MOI-9	-	GGCCCTAGACTCGGGGAGAGNGG	chr1	207320644	207322526	ENSG00000196352	.	TSSCtrl
chr1	207321535	207321558	CD55-MOI-10	-	GAGGTGCGGTCAGAGGGCTCNGG	chr1	207320644	207322526	ENSG00000196352	.	TSSCtrl
chr1	207321541	207321564	CD55-MOI-11	-	TGGTCAGAGGTGCGGTCAGANGG	chr1	207320644	207322526	ENSG00000196352	.	TSSCtrl
chr1	207321542	207321565	CD55-MOI-12	-	GTGGTCAGAGGTGCGGTCAGNGG	chr1	207320644	207322526	ENSG00000196352	.	TSSCtrl
chr1	207321584	207321607	CD55-MOI-13	+	CGTCTTGTTTGTCCCACCCTNGG	chr1	207320644	207322526	ENSG00000196352	.	TSSCtrl
chr1	207321549	207321572	CD55-MOI-14	-	GTTTGTTGTGGTCAGAGGTGNGG	chr1	207320644	207322526	ENSG00000196352	.	TSSCtrl
chr1	207321554	207321577	CD55-MOI-15	-	TAGGGGTTTGTTGTGGTCAGNGG	chr1	207320644	207322526	ENSG00000196352	.	TSSCtrl
chr1	207321561	207321584	CD55-MOI-16	-	GGTGGAGTAGGGGTTTGTTGNGG	chr1	207320644	207322526	ENSG00000196352	.	TSSCtrl
chr1	207321571	207321594	CD55-MOI-17	-	AAACAAGACGGGTGGAGTAGNGG	chr1	207320644	207322526	ENSG00000196352	.	TSSCtrl
chr1	207321572	207321595	CD55-MOI-18	-	CAAACAAGACGGGTGGAGTANGG	chr1	207320644	207322526	ENSG00000196352	.	TSSCtrl
chr1	207321573	207321596	CD55-MOI-19	-	ACAAACAAGACGGGTGGAGTNGG	chr1	207320644	207322526	ENSG00000196352	.	TSSCtrl
chr1	207321579	207321602	CD55-MOI-20	-	GGTGGGACAAACAAGACGGGNGG	chr1	207320644	207322526	ENSG00000196352	.	TSSCtrl
chr1	207321582	207321605	CD55-MOI-21	-	AAGGGTGGGACAAACAAGACNGG	chr1	207320644	207322526	ENSG00000196352	.	TSSCtrl
chr1	207321583	207321606	CD55-MOI-22	-	CAAGGGTGGGACAAACAAGANGG	chr1	207320644	207322526	ENSG00000196352	.	TSSCtrl
chr1	207321596	207321619	CD55-MOI-23	-	GGCTCTGCGTCACCAAGGGTNGG	chr1	207320644	207322526	ENSG00000196352	.	TSSCtrl
chr1	207321633	207321656	CD55-MOI-24	+	GCCCAAAGCACTCATTTAACNGG	chr1	207320644	207322526	ENSG00000196352	.	TSSCtrl
chr1	207321597	207321620	CD55-MOI-25	-	GGGCTCTGCGTCACCAAGGGNGG	chr1	207320644	207322526	ENSG00000196352	.	TSSCtrl
chr1	207321600	207321623	CD55-MOI-26	-	CTGGGGCTCTGCGTCACCAANGG	chr1	207320644	207322526	ENSG00000196352	.	TSSCtrl
chr1	207321601	207321624	CD55-MOI-27	-	GCTGGGGCTCTGCGTCACCANGG	chr1	207320644	207322526	ENSG00000196352	.	TSSCtrl
chr1	207321618	207321641	CD55-MOI-28	-	CTTTGGGCGGGGTCTGGGCTNGG	chr1	207320644	207322526	ENSG00000196352	.	TSSCtrl
chr1	207321623	207321646	CD55-MOI-29	-	GAGTGCTTTGGGCGGGGTCTNGG	chr1	207320644	207322526	ENSG00000196352	.	TSSCtrl
chr1	207321624	207321647	CD55-MOI-30	-	TGAGTGCTTTGGGCGGGGTCNGG	chr1	207320644	207322526	ENSG00000196352	.	TSSCtrl
chr1	207321629	207321652	CD55-MOI-31	-	TTAAATGAGTGCTTTGGGCGNGG	chr1	207320644	207322526	ENSG00000196352	.	TSSCtrl
chr1	207321630	207321653	CD55-MOI-32	-	GTTAAATGAGTGCTTTGGGCNGG	chr1	207320644	207322526	ENSG00000196352	.	TSSCtrl
chr1	207321641	207321664	CD55-MOI-33	+	CACTCATTTAACTGGTATTGNGG	chr1	207320644	207322526	ENSG00000196352	.	TSSCtrl
chr1	207321631	207321654	CD55-MOI-34	-	AGTTAAATGAGTGCTTTGGGNGG	chr1	207320644	207322526	ENSG00000196352	.	TSSCtrl
chr1	207321634	207321657	CD55-MOI-35	-	ACCAGTTAAATGAGTGCTTTNGG	chr1	207320644	207322526	ENSG00000196352	.	TSSCtrl
chr1	207321635	207321658	CD55-MOI-36	-	TACCAGTTAAATGAGTGCTTNGG	chr1	207320644	207322526	ENSG00000196352	.	TSSCtrl
chr1	207321666	207321689	CD55-MOI-37	-	TGCAGTAAGCAGAAGCCTCGNGG	chr1	207320644	207322526	ENSG00000196352	.	TSSCtrl
chr1	207321700	207321723	CD55-MOI-38	-	CGAGTCGCAGCTACGCCCAGNGG	chr1	207320644	207322526	ENSG00000196352	.	TSSCtrl
chr1	207321730	207321753	CD55-MOI-39	-	TAGAACAAGGACGCGCCGCCNGG	chr1	207320644	207322526	ENSG00000196352	.	TSSCtrl
chr1	207321731	207321754	CD55-MOI-40	-	TTAGAACAAGGACGCGCCGCNGG	chr1	207320644	207322526	ENSG00000196352	.	TSSCtrl
chr1	207321743	207321766	CD55-MOI-41	-	TGGCGCGCCGGGTTAGAACANGG	chr1	207320644	207322526	ENSG00000196352	.	TSSCtrl
chr1	207321651	207321674	CD55-MOI-42	+	ACTGGTATTGCGGAGCCACGNGG	chr1	207320644	207322526	ENSG00000196352	.	TSSCtrl
chr1	207321677	207321700	CD55-MOI-43	+	CTGCTTACTGCAACTCGCTCNGG	chr1	207320644	207322526	ENSG00000196352	.	TSSCtrl
chr1	207321684	207321707	CD55-MOI-44	+	CTGCAACTCGCTCCGGCCGCNGG	chr1	207320644	207322526	ENSG00000196352	.	TSSCtrl
chr1	207321685	207321708	CD55-MOI-45	+	TGCAACTCGCTCCGGCCGCTNGG	chr1	207320644	207322526	ENSG00000196352	.	TSSCtrl
